campaign_id,size,phone_numbers,top_call_type,sample_text
TC_0000,26,+12402015949;+12406173492;+12406249015;+12406270828;+12406272952;+12406522751;+12406558728;+12406632179;+12406632923;+12406668876;+12406669384;+12406791798;+12407343988;+12408362257;+14432295133;+14434995529;+14435439482;+14435516542;+14435762845;+14435900084;+14436391417;+14438306291;+14439812826;+14439938887;+16672960070;+16678432251,Scam suspicion,Matt Bieneman Unknown robocall scammer. Calls about once each weekday using a different forged Caller ID number each time. Apparently always unassigned phone numbers. In recent days they have also use
TC_0001,17,+12192159721;+12192829287;+12312249794;+12312249915;+12312461461;+12622765081;+13022191435;+13204258552;+13204258608;+13204258673;+13204258805;+13606141077;+15054478609;+15054478762;+15054478889;+15054518132;+15054518174,Scam suspicion,"Manda ""Hi. This is Sarah with an important update from our approval team. According to my records, it looks like you may be approved for a consolidation loan of up to $82,000. Payments for these loans"
TC_0002,16,+12162602463;+12172617501;+12172617706;+12192159627;+12192471049;+12312440895;+12312443470;+12312443738;+12392641410;+13022030725;+13192899213;+13202806475;+15052300386;+17169936017;+17194559788;+17722068335,Scam suspicion,"Manda ""Hello. This is Morgan with an important update from our loan eligibility group. According to my system, you may be qualified for a consolidation loan of up to $85,000. Payments for these loans "
TC_0003,14,+12164846817;+12164949117;+12164949937;+12312471428;+12622749185;+12622749716;+13163961232;+13204258514;+13204258734;+13606141070;+17192574202;+17194099336;+18032584548;+18035078187,Telemarketer,"Manda ""Hi. This is Olivia. I am a senior loan processor with our loan approval department.  According to our system, you may pre-qualify for a consolidation loan of up to $47,000. Payments for this lo"
TC_0004,11,+13152309651;+13153183551;+13153183819;+13154953904;+13155181390;+13156125939;+13156509806;+13156532823;+13156546732;+13158152260;+13158629985,Telemarketer,"Keybolt Classic message from a different phone number, ""Hi, this is Jennifer. I’m a senior underwriter on the debt resolution team. Great news. I have a note here that you are prequalified for a conso"
TC_0005,10,+14453172121;+15185106085;+15186288669;+15857446784;+15858187296;+16823326536;+17165866699;+18382050158;+18458479264;+18459529360,Scam suspicion,"Jane Hey thi sis Violet Rodriguez reaching out from the account prescreen team I see sure that we are able to get you preapproved for a personal loan starting at $85,000 with a manageable monthly paym"
TC_0006,10,+15152002215;+15152003398;+15152003931;+15152042382;+15152042614;+15152042987;+15152070290;+15152093669;+15152122422;+15152141257,Scam suspicion,"Iowan another cover number for google business scam robo giving an opt out number of 619-935-1051 ... caller ID showed ""Algona Ia"""
TC_0007,9,+15052530593;+15137076992;+16142125138;+18014388145;+18014388155;+18014388471;+18014388743;+19133125195;+19135635575,Scam suspicion,D.T. This is the 99th number used by Comenity Bank. They have called 401 times since 3/28/19.  Some of their numbers have complaints from 10 years ago and for different finance firms.  They issue priv
TC_0008,7,+18445092754;+18445093077;+18445093121;+18445093160;+18445093316;+18559090811;+18559090836,Scam suspicion,"Shane | 1 reply Callback number for a very persistent automated loan scam system that calls almost every day outside of Sundays (leaving a voicemail if you miss or reject the call), always from a diff"
TC_0009,6,+12075785863;+12192640433;+12312774972;+13023089614;+15189319957;+15752329647,Telemarketer,"Keybolt I have had several calls from various numbers that leave this voicemail. “Hi, this is Jennifer. I’m an underwriter with our approval department. I’m just calling to let you know it appears you"
TC_0010,6,+13605872432;+13605872464;+13605872466;+13605872709;+13605872767;+13605872793,Scam suspicion,"DT Cut off by my spam blocker because “ Simple.biz ” is blocked. Harassment, constant calls from different numbers. They want to build a website (we have NO need for their service). F rating on BBB, h"
TC_0011,5,+12603388648;+12603855195;+12606350745;+14632233888;+18124154640,Scam suspicion,"JenU I keep getting 260 (Indiana) phone calls. ""Potential Spam"" and no message left. I also get from 260-338-8648, 260-635-0745"
TC_0012,5,+12676965854;+13188733403;+14012406769;+14844819724;+16452123653,Unwanted,"Mike-D Got another unsolicited pending loan approval call, which I did not apply for.  Of course, all they would need is for me to give them all of my sensitive information.  Sure... Here is the body "
TC_0013,5,+13155473793;+13159069918;+13159129167;+15166136447;+15182019826,Scam suspicion,"Manda male voice, a lot of noise in the background) ""Hello. This is Marcos from the funding department. It looks like you may qualify for up to $60,000 with monthly payments near $400. Please call 1-8"
TC_0014,5,+13156624511;+15168319502;+15168936295;+15184908173;+15185686438,Telemarketer,"Keybolt ""Hello, this is Vanessa Reed from the approval department. You’ve been pre-approved for a debt consolidation loan in the amount of $86,000 with estimated monthly payments around $420. Call me "
TC_0015,5,+13159646136;+15858556739;+16079559608;+16317019374;+17165196195,Telemarketer,"Keybolt ""450339. This underwriting department, a $62,300. Hi, this is Joshua Martinez from the loan issuance department. You’re prequalified for a debt consolidation loan of $79,000 and your monthly p"
TC_0016,5,+13642241384;+18774763741;+19419441861;+19805101170;+19805109916,Telemarketer,"Keybolt I get a lot of unsolicited calls that have similar messages from various phone numbers the message left by this one was, ""So I just wanted to follow up. I’m the one assigned to your file. It l"
TC_0017,5,+14066107439;+15029325789;+16012999740;+17757754400;+17852238197,Scam suspicion,James Out of area number originating from (775) 775-4400 who left a voicemail to sell me a scam loan on 6/21/25 at 2pm local time. The 10th day in a row I have received the same exact call with nearly
TC_0018,5,+15184013351;+15184014003;+16073844112;+16452124549;+17196736039,Unwanted,"Mike-D Got another unsolicited pending loan approval call, which I did not apply for.  Of course, all they would need is for me to give them all of my sensitive information.  Sure... Here is the body "
TC_0019,5,+17473172907;+17473172908;+19497856909;+19497856940;+19498414917,Scam suspicion,"L Another SPOOFED SCAM contractor.  The female Asian caller was very inaudible.  When I called back the number using *67 to protect my privacy, the operator said 'you have reached a number that has be"
TC_0020,4,+12012013908;+15512005085;+17322020036;+19082154766,Unwanted,NJ Office Unwanted robocaller claiming to have a message about Google listings. Very aggressive. Been calling several times a day. It's the same message coming from these telephone numbers: 908-215-47
TC_0021,4,+12675105207;+17407638618;+19419408655;+19709555170,Scam suspicion,"Shane Loan scam again, this making it the 27th call since August 18th (only skipping Sundays, Labor Day & September 26th).  The call was rejected when I saw the area code (knowing it was going to be t"
TC_0022,4,+13025505297;+14403690981;+18553753836;+18652042099,Telemarketer,"Keybolt I get a lot of unsolicited calls that have similar messages from various phone numbers the message left by this one was, ""Quick things. If you’re free right now, you can press 2 to connect wit"
TC_0023,4,+13156169831;+13159069914;+13159129317;+15167749363,Telemarketer,"Keybolt A new development with these calls, for the first time there is a masculine name with the voicemail, ""This is Brandon calling from the loan issuance department about your pre-qualified persona"
TC_0024,4,+13156709404;+13157639729;+13158152565;+15182141454,Telemarketer,"Manda (male voice) ""Hi. This is Jason from the approval department. I am reaching out because you have been prequalified for a debt consolidation loan of up to $88,000, with estimated monthly payments"
TC_0025,4,+13158089753;+13158416483;+13159189380;+15182019419,Telemarketer,"Keybolt Had a total of five messages that went ""Hello, this is Marcos from the funding department. It looks like you may qualify for up to $60,000 with monthly payments near $400. Please call 1-(877)-"
TC_0026,4,+14014723669;+15186957601;+16316377190;+19209995383,Scam suspicion,"Shane | 1 reply Call received at 6:04 PM on 10/9/2025, the call was rejected when I saw the area code (expecting it to be another loan scam attempt).  As expected, I received another loan scam voicema"
TC_0027,4,+14156513650;+14156609699;+15103409014;+19162770772,Debt collector,"Mike This number called me left no message, i called back and it said ""this call is being recorded, if you do not want to be recorded hang up now"", so i hung up"
TC_0028,4,+14403694512;+15054205237;+19805092598;+19805122958,Scam suspicion,"Manda (first of message is cut off) ""approval is almost complete but we need to verify a few final details before proceeding. If you no longer wish to receive updates,  you may press 9 to opt out. Thi"
TC_0029,4,+14453159146;+15027615277;+19209859472;+19805099945,Telemarketer,"Keybolt I get a lot of unsolicited calls that have similar messages from various phone numbers the message left by this one was, ""Or someone from underwriting directly. Your file is nearly complete. W"
TC_0030,4,+15184908830;+15858556450;+15859460663;+16317019747,Scam suspicion,"Manda (male voice, a lot of noise in the background) ""Hi. Antonio here. Your $55,000 option remains available and you may secure a great rate. If interested, call 1-877-201-1379. Once again, that's 1-"
TC_0031,4,+15708499054;+15708525936;+15708526936;+18646905324,Scam suspicion,"Theresa Left the following voice message: Hello Evelyn here with the lending union west coast branch. I've been trying to connect with you about your funding approval. If you have a moment right now, "
TC_0032,4,+15855669631;+15855790503;+17165866360;+18772011404,Telemarketer,"Keybolt New name to add to the pre-recoding collection now we have this message, ""Hi Caroline here. Your $80,000 option remains available, and we might offer some excellent terms. Please call 1-877-20"
TC_0033,4,+18012367581;+18012367583;+18012367586;+18012367589,Debt collector,"CB | 5 replies This is North American Recovery (NAR), based in Salt Lake City, Utah. North American Recovery 5225 Wiley Post Way, Suite 410 Salt Lake City, Utah 84116 Phone: 801.364.0777 Fax: 801.364."
TC_0034,4,+18432142857;+18433064658;+18434871686;+18437325817,Telemarketer,"Vermithrax63 Starting to get a cluster of marketing robocalls offering a ""free"" Medic Alert Bracelet. Other numbers: (843) 582-0341 (843) 214-2857 (843) 732-5817 (843) 306-4658"
TC_0035,3,+12052892246;+12052892285;+12052896177,Scam suspicion,"JOman | 1 reply A robocall from UN-known - warranty scam - wanting you to call 844-989-1708. A search shows this number to be from Warrior, AL. A land line number using TELEPORT COMMUNICATIONS AMERICA"
TC_0036,3,+12165374850;+13183908658;+19805095587,Scam suspicion,"Manda (female voice, hard to hear, first of message is cut off) ""opt out request, you must press 9 to be removed. Keep in mind, your $25,000 offer expires at the end of April. To get your loan process"
TC_0037,3,+12406338996;+18148009197;+18555098974,Telemarketer,"Keybolt I get a lot of unsolicited calls that have similar messages from various phone numbers the message left by this one was, ""Steps to verify some details, please call us at 866-878-1552 or press "
TC_0038,3,+12564675154;+12564675155;+13802302613,Scam suspicion,"imppress 380-230-2613 called me and gave 256-467-5155 for return phone calls. (Why? Pretty sus) Said there were problems with my tax return. Yeah, right. Call the IRS or tax dept of your state directl"
TC_0039,3,+12692301737;+15172103799;+16162531697,Scam suspicion,"irritated of these calls my husband and son have both received the same call from 3 different phone numbers , threating to take them to court if they do not return the call to yet another number, it i"
TC_0040,3,+12708126667;+18004915500;+18335360586,Fax,"Oriley Kentucky Health Insurance - info@yourcoverage.net 800-491-5500, 270-812-6667, 833-536-0586"
TC_0041,3,+13027870503;+14346951935;+14453150998,Unwanted,"Mike-D Got another unsolicited pending loan approval call, which I did not apply for.  Of course, all they would need is for me to give them all of my sensitive information.  Sure... Here is the body "
TC_0042,3,+13045798504;+14484887028;+17852894152,Scam suspicion,"AJ Fraudulent robocall claiming you have a collections debt and must call 866-673-9570 to resolve. ""[cut off]... for [name]. It seems we have exhausted all resources to try to reach you in regards to "
TC_0043,3,+13125396476;+18045408221;+18294668859,Text message,"Mellie | 1 reply Text from this number to my cellphone with: Hi, this is Aria from Amazon Recruiting.  We came across your profile and think you could be a great fit for a part-time remote role. The p"
TC_0044,3,+13156125893;+13156509062;+13156624252,Telemarketer,"Keybolt ""Hey, this is Olivia Bennett calling on behalf of the loan issuance department. You’ve been pre-approved for a debt consolidation loan of $93,000 and your monthly payment could be about $465. "
TC_0045,3,+13193474419;+16578675062;+18147312132,Scam suspicion,"Will Call came in on 657-867-5062, didn't answer, and message left for an IRS audit scam requesting call back to this number."
TC_0046,3,+13479149006;+14403694680;+19209857946,Scam suspicion,"Manda (male voice, first of message is cut off) ""based on your credit profile and current economic situation. This loan could help you consolidate high interest debt or lower your monthly payments int"
TC_0047,3,+13853434799;+13853434893;+13853434936,Telemarketer,"DT This place is becoming a real pest. So far they've called from: 385-343-4799, 385-343-4893, 385-343-4936. Per Google ""Tekversify is a digital solutions agency specializing in web design, branding, "
TC_0048,3,+14346777027;+16287899088;+19568222807,Scam suspicion,"TheAnonymousOne Left a VM; the first 10 seconds or so was background noise, but it sounded like a call center. The message began some 12 seconds in, and it was this: ""This is Jessica Martin with the N"
TC_0049,3,+14453164978;+14453176256;+18139239583,Scam suspicion,"Juan Low life losers trying to scam people claiming to be calling about consolidation loans you never applied for and saying you are almost complete with the process, blah, blah, blah.  Use spoofed nu"
TC_0050,3,+14738465617;+14738552681;+14738644723,Scam suspicion,"LML Yesterday (Saturday) morning, I received three different calls from a 473 area code, all within less than an hour. Clearly the scam artists are getting desperate. The numbers were 473-855-2681 (no"
TC_0051,3,+15027614371;+18352512754;+19292071923,Telemarketer,"Keybolt ""With estimated monthly payments around $610 depending on the terms you select. To keep it moving press 2 now to speak with someone from underwriting or call us back at 855-535-0614. Once we c"
TC_0052,3,+15188260465;+16074046041;+17162316065,Scam suspicion,RavenMad +15188260465 loan processing department robo scam call back number 833-487-2573
TC_0053,3,+15189196247;+16318665578;+16416312863,Scam suspicion,RavenMad loan processing department robo scam call back numbers 833-487-2573 or 833-487-2576 or 833-487-2577 or 833-588-3827 or 833-487-2585 or 855-909-0925
TC_0054,3,+15622865124;+16366601833;+19045122479,Fax,"Oriley Ally Commerical, small Business Funding, FAX ad"
TC_0055,3,+15856650759;+16078759875;+16079005314,Telemarketer,"Keybolt Another telemarketer for a loan service making a pitch that went like this, ""Hi, this is Jonathan Fields calling from the underwriting department. You’ve been prequalified for a personal loan "
TC_0056,3,+15858876802;+16802863180;+17165769476,Telemarketer,"Keybolt ""Hey this is Daniel Moore reaching out from the approval department. You’ve been prequalified for a personal loan of $66,000 with a possible monthly payment of $325. Feel free to return my cal"
TC_0057,3,+16316206229;+16452135938;+18352510950,Telemarketer,"Keybolt I get a lot of unsolicited calls that have similar messages from various phone numbers the message left by this one was, ""To follow up personally, I’m the one assigned to your file and it look"
TC_0058,3,+16695293654;+16695293655;+16695293659,Telemarketer,"DT Telemarketer. Numerous spam calls with CID showing Sunnyvale    Ca. Different phone numbers, so blocked by name. Still nothing found online. SEE: 669-529-3654 x 1 669-529-3655 x 2 669-529-3659 x 2"
TC_0059,3,+16783708610;+16784986840;+16787716722,Scam suspicion,Eliza W | 1 reply NOT A VALID PHONE NUMBER Fake Caller ID:  Marietta GA (Faked) Real Caller ID:  “UNKNOWN CALLER” FOREIGN REROUTED FRAUD CALLER SAME SCAMMER AS 678-771-6722 & 678-498-6840 Robocalling 
TC_0060,3,+18032008449;+18646525582;+18652654199,Scam suspicion,"Grrr Fake ""customer service"" number directed to call in scam ""PayPal"" phishing emails."
TC_0061,3,+18048765179;+18048765210;+18048765517,Fax,"Unknown This Telephone Number can make outgoing calls, but cannot accept incoming calls Listed as Samuel Joseph"
TC_0062,3,+18142701011;+18142701358;+18782210425,Scam suspicion,"Viji | 1 reply I received a spam message via e-mail, which contained the above number as a contact. I suspect it was an attempt at the Customer Service Scam, in order to gain access to accounts and/or"
TC_0063,3,+18335883794;+18335883808;+18559090876,Scam suspicion,Disgusted Apparently the daily “IRS Tax Resolution” SCAM phone calls have tapered off and have now been replaced by daily “Personal Loan” SCAM phone calls from a variety of spoofed numbers. The first 
TC_0064,3,+18444875755;+18775800338;+18775804552,Scam suspicion,Wrongful Target Regarding file still open due to remainaing documents to be filed with the IRS.
TC_0065,3,+18552961471;+18663150205;+18773102928,Scam suspicion,"Matt Bieneman This is a ""callback"" number for a ""document delivery"" scam that calls using the forged Caller ID information 301-235-2829 CLINTON MD."
TC_0066,3,+18563241048;+18563934252;+19083961353,Unwanted,"NJ Office This morning our office received three calls from the same person/company. Each time a different number displayed on the caller ID. The person asked many questions about the address, the loc"
TC_0067,3,+18573433387;+18573433432;+18573433467,Unknown,Stephen This number with two other numbers 857-343-3467 857-343-3387 have been calling me Monday thur Friday for two weeks now one day it one number next day it’s another number then this number then 
TC_0068,3,+18778531204;+18883132894;+18886480916,Unknown,Gee I would like to report a concerning experience involving a company identifying itself as “MSI Insurance” in Bedford. A charge appeared on my credit card that I did not authorize. When I contacted 
TC_0069,3,+19097293786;+19097293808;+19097293819,Scam suspicion,"L Robocaller did not respond to multiple hellos may I help you.  When I called back using *67 to protect my privacy, the operator said to leave a message for Extension 7839.  Yesterday it was (909) 72"
TC_0070,2,+12014716016;+18664338829,Scam suspicion,"Annoyed Got a missed call from this number, Caller ID showed number and caller as ""Behalf HomeHealth"". Called it back 3x and without it ringing, a recording came on saying they were busy taking calls "
TC_0071,2,+12025520737;+18777691786,Scam suspicion,"Betsy Call came in from 877-769-1786; purported to be calling from the ""relief qualification review desk at the tax mediation and resolution agency."" Asked for call back to 202-552-0737."
TC_0072,2,+12054313879;+18452860989,Text message,"Carl M Text message SCAM!!!   ""Amzn_Alert! We Detected an unusual Activity Order from your Amzn_ $489.99 (Sony WH-1000XM5 Headphones) placed on your account. Ref-ID: (AZN8KP). Not you? Call to Make Su"
TC_0073,2,+12128012383;+19804758672,Scam suspicion,"MM PHISHING Text message from 1+980-475-8672  falsely says: ""Your ___(crypto exchange name)___ Verification code is: _________. Please do not share this code with anyone. If you have not requested thi"
TC_0074,2,+12128483835;+18055006640,Scam suspicion,imppress Paypal payment failure message. Neither phone number shows up as Apple in Google. -====================================== Your automatic payment is no longer active You’ll need to contact App
TC_0075,2,+12134516575;+14024095484,Scam suspicion,Genotheros Received a fake legal filing scam for my daughter. Caller ID: 402-409-5484. Callback number: 213-451-6575. Female voice claiming to be ‘Monica’ saying she has 48 hours regarding a filing. N
TC_0076,2,+12164025534;+16143215548,Scam suspicion,"Anon The below text message was received: ""OUR COMMUNITY IS AT RISK! Bellefaire JCB silenced workers' voices by stripping away their Union after decades of representation. If they can silence the work"
TC_0077,2,+12164970773;+19592726476,Scam suspicion,Rizzo I receive multiple calls weekly from this company about my loan being approved. I never applied or even called them to inquire about a loan. The message is always the same: contact them at 833-7
TC_0078,2,+12183106731;+15052212513,Text message,"Gary Call-back number referenced in an unwanted text from (229) 722-8136, claiming to be an Amazon recruiter"
TC_0079,2,+12202194232;+13149864445,Text message,GaryL SCAM text: Ⅽоіոᖯа𐑈е: Your verification code is: 738-015. Did not request this code? Contact us on: +1(870)970-1494. REF:RH93011
TC_0080,2,+12314475707;+15027873462,Scam suspicion,"Manda (male voice, first of message is cut off) ""with underwriting. The loan reconsideration department reviews applications that may not have qualified previously and identifies new opportunities bas"
TC_0081,2,+12316363009;+15176161006,Telemarketer,"Detroiter did not address me by name, left a message saying to have my DTE bill when i call bc they need to ""review it."" they are NOT DTE. also received the exact same call from 231-636-3009. note the"
TC_0082,2,+12392080481;+19144682414,Scam suspicion,"AJ Fraudulent robocall from 239-208-0481 claiming you owe a debt and must contact ""Karen Miller"" at 833-486-0392 to ""handle the situation"". No such debt exists. 'This message is for [name inserted]. I"
TC_0083,2,+12482438774;+18447562390,Scam suspicion,Anonymous | 2 replies “Attention please. This call is for XXXXX regarding the reference case number XXXXX. This is Kevin Goodman. I'm calling with a civil source processing and we do have some legal d
TC_0084,2,+12487479590;+12513157162,Scam suspicion,"JOman A robocall from UN-known - medicare ins scam - wants you to call 877-556-1616 - A search shows this number ( 251-315-7162 ) to be from Evergreen, AL. A land line number using TELNYX LLC. They ke"
TC_0085,2,+12514127103;+17196744252,Unknown,"steve mc Bank of America: $371.35 Purchase @IGA #5195 In Billings, MT. YES? Reply Y. NO? Use: 1(800) 5567045 To Contact Us Now."
TC_0086,2,+12526454958;+12548859704,Scam suspicion,"VegasCo Robocall. Scam. Left a voicemail. Music then ""The payment of $1099 for the recent order of Apple IPhone 17Pro on your account. If you do not authorize this payment, press 1 to speak to our Cus"
TC_0087,2,+12537532925;+19092336760,Scam suspicion,"cellphoneuser1 A spam caller from number 909-233-6760 (Rialto, CA) left a VM saying ""... any interest in selling it, if so, I am interested in purchasing it, so please go ahead and reach back out at 2"
TC_0088,2,+12542641579;+19845846446,Unknown,Texas Left me a message about $100 voucher that I needed to use and to call back ASAP. But then give me a callback number as 9845846446. Scam!
TC_0089,2,+12603588620;+17652339003,Scam suspicion,"Not An Idiot Gentleman claiming to be from Purdue University asks to speak to the business owner. Gets incredibly nasty when we ask for the reason he's calling and will tell us just to ""put the owner "
TC_0090,2,+12605293342;+12605293925,Scam suspicion,"April M Spam call about back taxes due that need to be ""settled before the end of the month"". Says to just call back the number on the caller ID. Most recent number is (260) 529-3925 on caller ID, but"
TC_0091,2,+12624630454;+18776623013,Unwanted,"Mike-D Got another unsolicited pending loan approval call, which I did not apply for.  Of course, all they would need is for me to give them all of my sensitive information.  Sure... Here is the body "
TC_0092,2,+12676526536;+19432751986,Scam suspicion,"Shane Call received at 2:15 PM on 11/7/2025, call was rejected based on area code.  As expected for non-Utah area codes, I received an alert on my smartphone regarding the voicemail within the next mi"
TC_0093,2,+12702966699;+13468442746,Scam suspicion,"MikeHuntleton This is a Loan Scam. Quote: Hello, this is Sam with Personal Loan Underwriting . I wanted to reach out before the end of the week. I see notes on your file that one of my colleagues trie"
TC_0094,2,+12708128867;+18882337130,Fax,Orley Junk FAX: Fast COVID-19 Business Load
TC_0095,2,+12793333525;+17079791478,Unwanted,"DenDen A man named Jay called saying he passed by the property and is interested in buying it (it's NOT for sale). If interested, call him at (626) 244-8736. He has called from different numbers but t"
TC_0096,2,+12816979414;+18322373713,Scam suspicion,"TheAnonymousOne Left this VM: ""Hey, me name is Allison, I'm a local investor in your area and I'm calling to ask to see if you're open to any offers on the property you own. The benefits of working wi"
TC_0097,2,+13072041407;+13078557018,Survey,ALYS This is a legitimate survey company. Answer if you like participating in consumer surveys. Another phone number used is 307-204-1407.
TC_0098,2,+13124808945;+17622329141,Scam suspicion,"Annoyed I got a text message from 762-232-9141 pushing an Amazon ""recruiting"" job scam."
TC_0099,2,+13156749116;+13158613831,Telemarketer,"Keybolt Telemarketer leaving another loan offer message on my cellphone that went like this, ""Hello, this is Kevin Ramirez from the underwriting department calling to let you know that you’ve been pre"
TC_0100,2,+13159290910;+19174445429,Scam suspicion,"Vee I received a spam message via e-mail, which contained the above number as a contact. I suspect it was an attempt at the Advance Fee Fraud Scheme. Spam message contents were as follows: Subject: Wa"
TC_0101,2,+13163965154;+13213369203,Telemarketer,"Keybolt I have had several calls from different numbers that leave a message that goes like this, "" Hi there. This is Amy. I’m a senior underwriter with our approval department. I’m just reaching out "
TC_0102,2,+13172361430;+18332007521,Scam suspicion,"Tim Brown | 2 replies Voice mail left after AT&T redirected call as potential ""Spam Risk"" VM content: ""A purchase was declined for $122 at amazon.com press one if you recognize this purchase if you do"
TC_0103,2,+13213980672;+15054166422,Scam suspicion,"Lois Felice SCAM TELEMARKETER.  Prerecorded message, female American voice, unsolicited, telling me ""it looks like I might owe taxes"" from the previous year and they were a ""zero tax"" service; and she"
TC_0104,2,+13217325414;+18583489224,Scam suspicion,"Tom Calling from phone number 858-348-9224, ""Hi!  This is Mia Hernandez with the Tax Center.""  She then gives a call-back number of 321-732-5414.  Back Taxes scam."
TC_0105,2,+13603144713;+18018742271,Scam suspicion,AaronF 801-874-2271 and 801-874-2524 are robocallers.
TC_0106,2,+13604502383;+13609191961,Unwanted,DT | 4 replies DYNATA . This place has called three times in three days - from a different phone number each time - always when we're not open for business (one evening at 7:00pm - we closed at 5:30 -
TC_0107,2,+13605237481;+14644443452,Scam suspicion,Eliza Foreign Rerouted Fraud Caller 19 Repeat Calls in seconds (ALL BLOCKED) Invalid Phone Number Fake Caller ID:  “Centralia WA” (NOT) Robocalling Fraudster PHISHING SCAM Beware!
TC_0108,2,+13824572952;+13824574226,Unknown,Gary I get a lot of calls from this number and 382-457-4226.  I don't know who's calling because there's no answer when I pick up and no messages.  I am blocked both numbers.
TC_0109,2,+13863080994;+13863810189,Scam suspicion,jack this number and 386 381 0189 & they never leave a message. spam calls. we don't answer people who are not on our contact list. i have no intention of answering and no intention of blocking them. 
TC_0110,2,+14013320660;+16172795037,Fax,Obrian Flat Roof unwanted advertising
TC_0111,2,+14042814713;+19453616752,Text message,Gary Sent unwanted group text claiming to be an Indeed recruiter
TC_0112,2,+14108262451;+14109899317,Scam suspicion,"Fred Caller ID: Baltimore MD Preceded by 410-989-9317, CID: Fork MD, in less than 2 min."
TC_0113,2,+14142852117;+18667677603,Scam suspicion,Steve Maverick They are not really AT&T (they are a scam call center in India [no calls during the Diwali holiday]). Verified this with the real AT&T customer service as well as the local AT&T store. 
TC_0114,2,+14193797711;+19172107226,Scam suspicion,"Not Believing You This is a cross post, since this number was given as a call back number. A woman called my office saying that my business was pre-approved for capital loans with no collateral (sound"
TC_0115,2,+14242106711;+17727826456,Scam suspicion,"OlDude | 1 reply Oooh!  ""Amelia"" has just offered me a job with Amazon!! $200-$500/hour for one hour a week!! Can't wait for more info.   I texted her back through a burner phone...hope ""she"" responds"
TC_0116,2,+14323360906;+14326928229,Scam suspicion,"JenU This number called my phone as ""potential spam"" after 10pm. Then I got a call from 432-692-8229 with the same ""spam"". Both Texas. No message left."
TC_0117,2,+14343538593;+15028795329,Scam suspicion,Jennifer Olivia again from she claims some tax review unit. Claims there is an urgent update regarding my current tax situation that needs my attention. Said she has been trying to reach me over the p
TC_0118,2,+14432901103;+18773103884,Scam suspicion,"Matt Bieneman This is the ""callback number"" for an unidentified fake debt collection scammer (using forged Caller ID info 443-290-1103 PARKVILLE MD) to try to collect victim's credit card information."
TC_0119,2,+14638007052;+18888824112,Scam suspicion,"AJ Fraudulent robocall from the ""Tax Relief and Consolidation Agency"" with CallerID 463-800-7052 claiming you are at risk of penalties and collections and they can help. Recording tells you to call th"
TC_0120,2,+14844736477;+16469951811,Scam suspicion,"Justice Gustine Kelly from Premier Financial offering a ""hardship loan"". Left voicemail from 646-995-1811 saying to call back 844-306-0627"
TC_0121,2,+15023047313;+15027981674,Scam suspicion,"Shane Call received at 5:52 PM on 11/5/2025, call was rejected based on area code.  As expected for non-Utah area codes, I received an alert on my smartphone regarding the voicemail within the next mi"
TC_0122,2,+15054772842;+15054772847,Scam suspicion,"Carol Received voice mail call from 505-477-2842 from Walmart in Santa Fe, NM. Came across as spam risk.  Left message questioning if I approved a Walmart purchase of a PlayStation for $ 595.95. The n"
TC_0123,2,+15087151389;+15089752715,Text message,"Old but not yet senile ""Hello, I'm Amy your Erin's friend right? nice to meet you. She mentioned that your company currently has some issues that need consultation?""  Sent on two consecutive texts, on"
TC_0124,2,+15164604987;+18186518563,Scam suspicion,"Just Me I received a text from 1 (516) 460-4987 Hey mom, my phone is broken. Can you text me on my new number? (818) 651-8563 Someone on instagram received the same msg to text this #. However they di"
TC_0125,2,+15182028761;+15858683901,Telemarketer,"Keybolt The caller does not leave a business name and has a file for me when I have never contacted this type of business. They left this voicemail, ""Hi, this is Lauren calling from the approval depar"
TC_0126,2,+15184139364;+15184486716,Scam suspicion,"Manda (female voice) . This is Lauren calling from the approval department regarding your prequalified personal loan for $91,000. Based on your file, your estimated monthly payment could be as low as "
TC_0127,2,+15185758531;+19146186270,Scam suspicion,"Manda (male voice, a lot of noise in the background) ""Hello. Jacob checking back. This $75,000 opportunity may not last. Please call 1-877-201-1047. Once again, that 1-877-201-1047."" (First call came "
TC_0128,2,+15186041904;+16078789735,Telemarketer,"Keybolt ""Well, hey, this is Trevor Banks with the approval department. I’m reaching out because you’ve been prequalified for a personal loan of $60,000 and your estimated payment could be about $300 a"
TC_0129,2,+15187197802;+19094434808,Unwanted,ina | 1 reply Spam/scam suspicion. This number (518-719-7802) left a message about an offer with call-back number 866-878-0828. The voice on the message sounded A.I.-generated. I called the 866 number
TC_0130,2,+15192193479;+15198855218,Scam suspicion,Ann | 1 reply This caller looks like they are spoofing this number - on the call display it shows a V11416123500021 number that indicates it is probably coming from India and probably fraud
TC_0131,2,+15704523595;+18333037988,Scam suspicion,"SCAMBuster Received this text message from 570-452-3595: Uphold: An attempt to reset your password was made. If this was not you, contact support immediately at: +1(833)303-7988 I found a phone, IP, t"
TC_0132,2,+15743074328;+16092448454,Scam suspicion,"Lemme A. Lone Spam call left voicemail, apparently from 609-244-8454: ""...the payment of $1099 for the recent order of Apple iPhone 17 Pro on your account.  If you do not authorize this payment please"
TC_0133,2,+15858556970;+17165910848,Telemarketer,"Keybolt Had a total of three calls from alternate phone numbers all leaving the same message that went like this, ""Hi Antonio here, your $55,000 option remains available, and we may secure a great rat"
TC_0134,2,+15862380755;+15863290038,Fax,Tech Guy Callback number for J&M Roofing. Received blind fax from 916 805 8831 advertising them.
TC_0135,2,+16130930044;+16137214324,Scam suspicion,"jen spam email from Subject: Sumatra From: Taza <a0920314258@gmail.com> Capital Workspaces 655 Elgin Street Ottawa, ON K2P 2K4, Canada Tel: +1 613-093-0044 / +1 613-721-4324 Email: contact@capitalwork"
TC_0136,2,+16158140034;+17317802502,Scam suspicion,"SCAM ALERT This is a scam robocall. The voicemail says, ""Hi [Name]. Calista Dialhard. When you have a minute, my number is 731-780-2502. Again, I am Calista, and my number is 731-780-2502. Thanks for "
TC_0137,2,+16193524351;+19517036544,Scam suspicion,CL Received this message that started out as what sounded like an Indian lady. Then the message finished with a female robotic voice. A company name was not provided; I bet because they you to call ba
TC_0138,2,+16208288232;+19419446688,Scam suspicion,"Shane Call received at 2:16 PM on 10/31/2025, call was rejected based on area code.  As expected, I received an alert on my smartphone regarding the voicemail within the next minute.  This makes the 4"
TC_0139,2,+16208444973;+18883894777,Scam suspicion,"slash telerobos 620-844-4973 left VM ""Coastal Lending"" claiming followup call, left 888-389-4777 to call back. Obvious scam, so reported it and blocked CID. Of course, never answer or call back unknow"
TC_0140,2,+16232082573;+16234396285,Scam suspicion,"Roger SCAM Caller, Message is (Hi This Megan tucker with the American tax relief corporation It's Monday afternoon on June 2 and I'm following up on a critical relief Update that could directly impact"
TC_0141,2,+16282271439;+17192837080,Scam suspicion,Winston These people call every weekday.  They do not leave a message.  When I call back from another number they claim they are AT&T Wireless (I don't even have an account with AT&T). They won't even
TC_0142,2,+16475989699;+19052092772,Debt collector,Shawna Manzelloto | 1 reply Number belongs to CBV Collections.  It is one of a multitude of numbers they use. 289-403-9857 289-748-1695 416-491-0665 647-598-9699 647-788-4049 905-209-2772 905-456-3650
TC_0143,2,+16802054146;+18778304614,Unwanted,ina got a missed call and message from 680-205-4146 Sounded like a junk call about a loan offer (in Spanish) Call-back number given was 877-830-4614
TC_0144,2,+16822825309;+18665923689,Scam suspicion,"N/a I received a voicemail from a man named Albert on my backup phone, claiming my ex husband left my number for a legal matter. He provided a case number and said my ex husband could be subpoenaed if"
TC_0145,2,+16825032069;+19725628055,Unwanted,"Tap Hi, this is Dunrite HVAC. We just left you a quick voicemail, we're calling to schedule the seasonal heating and air conditioning tune- up available on your account. Text back or call us at 972-56"
TC_0146,2,+17025363443;+19292783731,Scam suspicion,ron miller Thomas Goodman from Jamaica 702-536-3443 and 929-278-3731 this guy said he was from PCH i know something was up we he started asking about gift cards please be careful out there
TC_0147,2,+17126001262;+18142731007,Scam suspicion,"fnord Scammer replying to YouTube comments, pretending to be the YouTuber who posted the video: Quote: 🙏🙏love to 😇hear from 😇your🎉positive notes🤍🤍sᴇɴᴅ🤍🤍ᴍᴇ🤍🤍ᴀ🤍🤍ᴅɪʀᴇᴄᴛ🤍🤍ᴛᴇxᴛ🤍±𝟷𝟽𝟷𝟸𝟼𝟶𝟶𝟷𝟸𝟼𝟸🔝🔝!!😇happy😇💬"""
TC_0148,2,+17322002822;+19082064459,Unwanted,NJ Office We are being bombarded every working day with robocalls claiming to be from Google Business Listings. This happens at least 2 to 4 times a day. In the morning and late afternoons each call c
TC_0149,2,+17632653972;+17638880365,Scam suspicion,"Suzie Claiming they are from Medicare (who will never call you), asking if you received your member cards 2 weeks ago, I blow up at them, they were bullying and aggressive also tried to ne manipulativ"
TC_0150,2,+17712226422;+18558510204,Scam suspicion,RayG call to my wife's cell this morning from this 855-851-0204 - a recorded female a debt reduction program (no compant name) - apparently started as soon as VM greeting started so only partial - gav
TC_0151,2,+18023999783;+18026832521,Scam suspicion,"Viv I received a spam message via e-mail, which contained the above number as a contact. I suspect it was an attempt at the Customer Service Scam, in order to gain access to accounts and/or computer. "
TC_0152,2,+18024045768;+18652061812,Scam suspicion,"AJ Response number used in McAfee phishing email claiming you have paid $393.00 for a 48 month subscription to ""Windows Defender"" and must call the ""Customer Support"" line at 808-404-5768 or 865-206-1"
TC_0153,2,+18032010279;+18032238258,Scam suspicion,"me Scammer, pretending to be McAfee, wants you to call this number and give up your credit card info."
TC_0154,2,+18032017849;+18654897073,Scam suspicion,"SKW This number was in a SCAM phishing email. We are confirming your upcoming automatic renewal with Mcafee. A payment of $482.77 will be processed today, Tuesday, 03 February 2026, for your membershi"
TC_0155,2,+18032340926;+18654895992,Scam suspicion,"SKW Scam phishing for a fake McAfee membership McAfee Receipt Date: Tuesday, 03 February 2026 Receipt number: LS76469SIS3921Support Desk Phone: (803) 234-0926Service resumed successfully.Hi,We are con"
TC_0156,2,+18032372221;+18312089044,Scam suspicion,me Scammer pretending to be McAfee wants you to call and give him your credit card info.
TC_0157,2,+18033863158;+18453756048,Scam suspicion,"Vivian I received a spam message via e-mail, which contained the above number as a contact. I suspect it was an attempt at the Customer Service Scam, in order to gain access to accounts and/or compute"
TC_0158,2,+18033866922;+18062831288,Scam suspicion,"Viv I received a spam message via e-mail, which contained the above number as a contact. I suspect it was an attempt at the Customer Service Scam, in order to gain access to accounts and/or computer. "
TC_0159,2,+18034041546;+18652374838,Scam suspicion,"ScoobiFreeBSD I received a scam email on 2026/01/27 at 09:35 EST containing a fake invoice for a McAfee 48-month Antivirus Pro subscription for $510.22.  Email provides this telephone number for ""supp"
TC_0160,2,+18034460526;+18034770921,Scam suspicion,"AJ Response number user in Webroot phishing email claiming you have paid $433.77 for a 2 year subscription to ""Secure Care Plan"" and must call 803-477-0921 or 803-446-0526 to dispute the charge. Sent "
TC_0161,2,+18034762643;+18652017102,Scam suspicion,"AJ Response number used in McAfee phishing email claiming you have paid $333.44 for a 4 year subscription to ""Complete Access Plan"" and must call 865-201-7102 or 803-476-2643 to dispute the charge. Se"
TC_0162,2,+18036611663;+18652372014,Scam suspicion,"ScoobiFreeBSD I received a fraudulent email on 2026/01/12 at 11:57 EST purporting to be an invoice for ""NorTon"" 360° Security for $385.11.  Email provided this telephone number for ""support"", as well "
TC_0163,2,+18052364624;+18158469846,Scam suspicion,"Viv I received a spam message via e-mail, which contained the above number as a contact. I suspect it was an attempt at the Customer Service Scam, in order to gain access to accounts and/or computer. "
TC_0164,2,+18055103726;+18182934865,Scam suspicion,ScoobiFreeBSD I received a scam email on 2025/09/23 at 12:59 EDT with a PDF attachment ( Google Drive link ) claiming to be a PayPal invoice for a coffee maker for $249.99.  The PDF attachment provide
TC_0165,2,+18082182766;+18087459684,Scam suspicion,ScoobiFreeBSD I received a scam email on 2025/11/12 at 15:33 EST containing an event invite which contained a fake invoice for $389.99 for Four Year Device Diagnostic and Repair.  Invite provided two 
TC_0166,2,+18082194388;+18162101862,Scam suspicion,"me Scammer, pretending to be McAfee, wants you to call this number and give up your credit card info."
TC_0167,2,+18082600828;+18888671597,Scam suspicion,"GaryL MMS TEXT Scam.  Сoіnbаsе:  your  wіthdrawаI  cοdе  іs  448206.  if  this  was  not  you,  ϲаll  uѕ  іmmеdiаtеly  +18888671597.  [It also contains to active links to click]"
TC_0168,2,+18083027606;+18652231354,Scam suspicion,"Grrr | 1 reply Fake ""customer service"" number directed to call in fake ""Geek Squad"" scam emails."
TC_0169,2,+18083888930;+18085705344,Scam suspicion,"ScoobiFreeBSD I received a scam email event invite on 2025/11/10 at 08:28 EST containing a membership renewal invoice for ""Network Installation and Maintenance"" for $494.66.  Event provided this numbe"
TC_0170,2,+18162080253;+18162089696,Scam suspicion,"GR Received two calls from 816-208-0253 and 816-208-9696, both claiming to be a process server requesting I call ""the firm directly housing my file"" at 888-965-6939 to discuss legal options. Case numb"
TC_0171,2,+18182313517;+18483922944,Scam suspicion,Kit Boga Got a scam text from Paypal support saying my account was charge 299.99. Called the number in the text 818-231-3517 and got some c-sucker with an indian accent on the phone saying he was from
TC_0172,2,+18302891866;+18472324363,Scam suspicion,"Viv I received a spam message via e-mail, which contained the above number as a contact. I suspect it was an attempt at the Customer Service Scam, in order to gain access to accounts and/or computer. "
TC_0173,2,+18303650167;+18885160672,Scam suspicion,"AJ Fraudulent robocall claiming you have a tax debt and must call 888-516-0672 back to resolve the issue. ""Hi, it's Deanna Caulder calling from the Relief Evaluation Team at the Tax Relief Assistance "
TC_0174,2,+18312141681;+18653435449,Scam suspicion,"ScoobiFreeBSD I received a scam email on 2026/01/22 at 12:35 EST containing a fake invoice for a 4-year McAfee ""Ultimate ShieldX"" subscription for $338.00.  Email provided this telephone number for ""C"
TC_0175,2,+18334710774;+18667763904,Scam suspicion,"AJ Fraudulent robocall claiming you may owe a debt and must contact ""Tax Abatement and Mediation Office"" at a different number to verify the situation. ""Hi, my name is Amy Harrisford calling on Friday"
TC_0176,2,+18335883824;+18445092968,Scam suspicion,Theresa Fraudulent ROBOCALL that is for a SCAM loan application that is FAKE and this company does not exist. This is a PHISHING SCAM that they use to get your bank account and social security numbers
TC_0177,2,+18393178939;+18654895989,Scam suspicion,"Mike Scam email with support contact phone 839-317-8939 --- Your Hey Shipment has passed validation Your Hey Shipment has passed validation Your Hey Shipment has passed validation Friday Jan 23, 2026 "
TC_0178,2,+18432743211;+18433464621,Telemarketer,"Vermithrax63 Starting to get a cluster of robocalls with an automated attendant asking if I have gotten information on ""state approved"" Final Expense Life Insurance. Numbers thus far: 8432743211 84334"
TC_0179,2,+18433100214;+18437077424,Telemarketer,"Vermithrax63 This is new:  an offer of legal assistance for an injury claim. It seems like someone is looking through traffic accident reports for the last two years, and calling up anyone involved to"
TC_0180,2,+18444660071;+18774830581,Scam suspicion,"JOman | 1 reply A robocall from UN-known - some type of hardship loan scam - wants you to call (888) 799-0230. A land line number using PAETEC ITEL, LLC. They keep calling using a different new number"
TC_0181,2,+18445092753;+18559090590,Valid,Brian retyped by me. Originally posted to phone number 855-909-0590 This is a scam loan call.  the calls come from different numbers daily (red flag #1). The calls started right after a data breach at
TC_0182,2,+18452622214;+18654895991,Scam suspicion,"Vivian I received a spam message via e-mail, which contained the above number as a contact. I suspect it was an attempt at the Customer Service Scam, in order to gain access to accounts and/or compute"
TC_0183,2,+18554891290;+18666842598,Scam suspicion,"AJ Fraudulent robocall from 866-684-2598 claiming you may have debt and need to call 855-489-1290 to ""confirm"" your status. ""Hi, this is Brook Harrington calling from the Tax Assistant and Abatement O"
TC_0184,2,+18562098440;+18643469209,Scam suspicion,"Viv I received a spam message via e-mail, which contained the above number as a contact. I suspect it was an attempt at the Customer Service Scam, in order to gain access to accounts and/or computer. "
TC_0185,2,+18643089082;+18652358942,Scam suspicion,GodBlessJoanie Same number received..... scam
TC_0186,2,+18652287632;+18652834529,Scam suspicion,"ScoobiFreeBSD I received a scam email on 2026/02/06 at 10:41 EST containing a fake invoice for Norton LifeLock for $304.00.  Email provided this telephone number for ""Service Assistance"", as well as 1"
TC_0187,2,+18652287641;+18653968700,Scam suspicion,"AJ Response number in Norton Lifelock phishing email claiming you have paid $443.99 for a 4-year subscription to ""DefenderX Pro"" and must call 859-396-8700 or 865-228-7641 to dispute the charge. Sent "
TC_0188,2,+18652287713;+18653439771,Scam suspicion,"ScoobiFreeBSD I received a scam email on 2026/02/06 at 15:24 EST containing a fake invoice for ""McAfee Automatic Membership Update"" for $354.55.  Email provided this telephone number for ""Support Serv"
TC_0189,2,+18652354396;+18653487582,Scam suspicion,"ScoobiFreeBSD I received a fake invoice email on 2026/01/08 at 10:06 EST claiming that I was billed $599.22 for ""NorTon"" ShieldMax Pro.  Invoice provided this number for support, as well as 1 865-348-"
TC_0190,2,+18652370122;+18653356027,Scam suspicion,"ScoobiFreeBSD I received a fraudulent email on 2026/01/16 at 08:49 EST, subject Your Invoice WOIX46846XG1709 is cleared and active. , containing a fake invoice for McAfee 360° Security for $464.00.  I"
TC_0191,2,+18652422612;+18653304589,Scam suspicion,"me Scammer, pretending to be McAfee, says you are being charged about $400 for software renewal and to call this number so they can get your credit card info and go on a spending spree."
TC_0192,2,+18652653470;+18652743049,Scam suspicion,"AJ Response number used in McAfee phishing email claiming you have paid $564.77 for a 4 year subscription to ""DefenderX Ultimate"" and must call 865-265-3470 or 865-274-3049 to dispute the charge."
TC_0193,2,+18662353187;+18883709375,Scam suspicion,"Maribel IT""S A SCAM!!!!! A LONG STANDING SCAM. Called from 866-235-3187 (a spoofed phone number) about  non existent personal loans or business loans or even trying to collect on zombie debt or non ex"
TC_0194,2,+18665321189;+18885321189,Scam suspicion,Cat I received a call that went to voicemail. The caller said that she was calling from the resolution and review department. No company or agency stated. Said something about a small balance. Talked 
TC_0195,2,+18774045687;+19132521336,Scam suspicion,"cowboy | 1 reply Received Call from this number, they did leave a message that I needed to call 877-404-5687 about some legal documents being delivered to my address. This sounds like a SCAM. Caller i"
TC_0196,2,+19106760661;+19543527179,Scam suspicion,"Sabi | 1 reply Received text from (910) 676-0661 “Нi, this is Amіra frοm Amazon Rеcruiting. Wе came аcross your рrofile and think yοu could bе а great fit for a рart-time remote rоle. Thе pоsition inv"
TC_0197,2,+19169092618;+19169092973,Silent call,"Mary Leaves silent voicemails several times a week from same area code and prefix but different last 4 digits. Most recent: 916908-0809, 916-909-2618, 916-909-2973"
TC_0198,2,+19293684129;+19592739792,Text message,Cj Scam text from Gemini. I don’t have Gemini. I don’t even know what Gemini is. I’m sure the person on the end of that number would be happy to help by asking for a bunch of personal information and 
TC_0199,2,+19567034736;+19567034739,Text message,Anonymous I received at least several spam texts from this number. And several more from another very similar number 956-703-4736. For a total of 17 texts combined. They all said the same exact thing 
TC_0200,2,+19709696511;+19805093015,Unwanted,"Mike-D Got another unsolicited pending loan approval call, which I did not apply for.  Of course, all they would need is for me to give them all of my sensitive information.  Sure... Here is the body "
TC_0201,2,+19733546069;+19733546079,Scam suspicion,JJ SPAM call
TC_0202,2,+19782342022;+19789911030,Survey,"Tom Annoying marketing business using a ""survey"" excuse to claim exemption from Do Not Call list. https://lifehacker.com/who-is-dynata-and-why-are-they-calling-you-1850819389"
