rank,size,corpus_nodes,shadow_nodes,top_call_type,homogeneity
1,416,20,396,Telemarketer,0.45
2,336,39,297,Scam suspicion,0.5128
3,133,1,132,Telemarketer,1.0
4,127,26,101,Debt collector,0.9615
5,108,5,103,Scam suspicion,0.8
6,91,2,89,Debt collector,1.0
7,83,24,59,Scam suspicion,0.7083
8,67,6,61,Scam suspicion,0.8333
9,66,29,37,Scam suspicion,1.0
10,49,4,45,Prank,0.75
11,40,4,36,Debt collector,1.0
12,36,9,27,Scam suspicion,0.7778
13,36,1,35,Prank,1.0
14,33,27,6,Scam suspicion,1.0
15,30,27,3,Telemarketer,0.5185
16,28,1,27,Telemarketer,1.0
17,28,3,25,Fax,0.6667
18,27,2,25,Scam suspicion,1.0
19,27,1,26,Telemarketer,1.0
20,26,9,17,Scam suspicion,0.5556
21,26,5,21,Telemarketer,0.8
22,25,3,22,Scam suspicion,1.0
23,25,3,22,Scam suspicion,1.0
24,23,6,17,Scam suspicion,0.6667
25,22,18,4,Telemarketer,0.6667
26,22,1,21,Scam suspicion,1.0
27,20,1,19,Fax,1.0
28,20,1,19,Debt collector,1.0
29,20,2,18,Prank,0.5
30,20,1,19,Telemarketer,1.0
31,19,1,18,Telemarketer,1.0
32,18,17,1,Scam suspicion,1.0
33,18,12,6,Fax,0.9167
34,18,14,4,Scam suspicion,0.9286
35,18,1,17,Prank,1.0
36,18,1,17,Debt collector,1.0
37,17,3,14,Valid,0.6667
38,17,16,1,Telemarketer,0.625
39,17,11,6,Scam suspicion,0.8182
40,17,1,16,Prank,1.0
41,16,1,15,Debt collector,1.0
42,16,2,14,Scam suspicion,1.0
43,15,6,9,Scam suspicion,1.0
44,15,11,4,Scam suspicion,0.5455
45,15,11,4,Scam suspicion,0.6364
46,15,1,14,Valid,1.0
47,15,1,14,Debt collector,1.0
48,15,1,14,Telemarketer,1.0
49,15,3,12,Scam suspicion,0.6667
50,14,1,13,Unknown,1.0
51,14,1,13,Scam suspicion,1.0
52,14,5,9,Scam suspicion,0.8
53,14,1,13,Debt collector,1.0
54,14,1,13,Scam suspicion,1.0
55,14,1,13,Scam suspicion,1.0
56,13,6,7,Scam suspicion,1.0
57,13,3,10,Political call,0.6667
58,13,3,10,Scam suspicion,0.6667
59,13,4,9,Scam suspicion,0.75
60,13,1,12,Prank,1.0
61,13,1,12,Fax,1.0
62,12,5,7,Scam suspicion,0.8
63,12,3,9,Scam suspicion,0.6667
64,12,4,8,Debt collector,0.5
65,12,8,4,Scam suspicion,1.0
66,12,3,9,Debt collector,0.6667
67,12,1,11,Scam suspicion,1.0
68,12,3,9,Scam suspicion,0.3333
69,12,4,8,Debt collector,1.0
70,12,4,8,Scam suspicion,1.0
71,12,1,11,Telemarketer,1.0
72,12,1,11,Prank,1.0
73,11,4,7,Scam suspicion,0.75
74,11,10,1,Telemarketer,1.0
75,11,1,10,Scam suspicion,1.0
76,11,2,9,Telemarketer,1.0
77,11,10,1,Scam suspicion,1.0
78,11,1,10,Debt collector,1.0
79,11,1,10,Prank,1.0
80,11,2,9,Scam suspicion,1.0
81,11,1,10,Scam suspicion,1.0
82,11,2,9,Debt collector,0.5
83,11,2,9,Unwanted,0.5
84,11,1,10,Telemarketer,1.0
85,10,1,9,Telemarketer,1.0
86,10,4,6,Scam suspicion,0.5
87,10,3,7,Debt collector,0.6667
88,10,9,1,Scam suspicion,0.5556
89,10,1,9,Survey,1.0
90,10,1,9,Telemarketer,1.0
91,10,1,9,Scam suspicion,1.0
92,10,2,8,Scam suspicion,1.0
93,10,1,9,Debt collector,1.0
94,10,1,9,Scam suspicion,1.0
95,10,1,9,Unknown,1.0
96,10,2,8,Unwanted,0.5
97,10,1,9,Scam suspicion,1.0
98,10,3,7,Scam suspicion,1.0
99,10,1,9,Scam suspicion,1.0
100,10,1,9,Debt collector,1.0
101,10,1,9,Telemarketer,1.0
102,9,2,7,Scam suspicion,1.0
103,9,4,5,Telemarketer,0.5
104,9,1,8,Telemarketer,1.0
105,9,8,1,Telemarketer,0.625
106,9,1,8,Non-profit organization,1.0
107,9,2,7,Debt collector,0.5
108,9,2,7,Unknown,0.5
109,9,1,8,Debt collector,1.0
110,9,1,8,Telemarketer,1.0
111,9,1,8,Political call,1.0
112,9,2,7,Debt collector,1.0
113,9,3,6,Debt collector,0.6667
114,9,1,8,Scam suspicion,1.0
115,9,1,8,Telemarketer,1.0
116,9,2,7,Scam suspicion,1.0
117,9,1,8,Fax,1.0
118,9,1,8,Debt collector,1.0
119,9,3,6,Scam suspicion,0.6667
120,9,2,7,Debt collector,1.0
121,9,1,8,Debt collector,1.0
122,9,1,8,Debt collector,1.0
123,9,1,8,Unwanted,1.0
124,8,4,4,Scam suspicion,1.0
125,8,3,5,Scam suspicion,1.0
126,8,4,4,Debt collector,1.0
127,8,5,3,Scam suspicion,1.0
128,8,2,6,Scam suspicion,1.0
129,8,3,5,Scam suspicion,1.0
130,8,1,7,Telemarketer,1.0
131,8,2,6,Debt collector,1.0
132,8,3,5,Fax,1.0
133,8,3,5,Scam suspicion,0.6667
134,8,2,6,Unwanted,0.5
135,8,3,5,Unknown,0.6667
136,8,2,6,Scam suspicion,1.0
137,8,1,7,Event reminder,1.0
138,8,1,7,Telemarketer,1.0
139,8,3,5,Scam suspicion,0.6667
140,8,1,7,Non-profit organization,1.0
141,8,3,5,Scam suspicion,1.0
142,8,1,7,Debt collector,1.0
143,8,1,7,Telemarketer,1.0
144,8,1,7,Scam suspicion,1.0
145,8,2,6,Scam suspicion,1.0
146,8,1,7,Scam suspicion,1.0
147,8,1,7,Text message,1.0
148,8,3,5,Unknown,0.3333
149,8,3,5,Scam suspicion,1.0
150,8,1,7,Scam suspicion,1.0
151,8,1,7,Debt collector,1.0
152,8,1,7,Scam suspicion,1.0
153,8,1,7,Scam suspicion,1.0
154,8,1,7,Scam suspicion,1.0
155,7,5,2,Debt collector,0.8
156,7,3,4,Text message,1.0
157,7,3,4,Scam suspicion,0.6667
158,7,5,2,Scam suspicion,1.0
159,7,1,6,Telemarketer,1.0
160,7,5,2,Telemarketer,0.8
161,7,2,5,Scam suspicion,1.0
162,7,7,0,Scam suspicion,0.5714
163,7,6,1,Scam suspicion,1.0
164,7,1,6,Telemarketer,1.0
165,7,6,1,Scam suspicion,0.6667
166,7,3,4,Unwanted,1.0
167,7,2,5,Scam suspicion,0.5
168,7,1,6,Debt collector,1.0
169,7,3,4,Scam suspicion,1.0
170,7,1,6,Debt collector,1.0
171,7,1,6,Debt collector,1.0
172,7,1,6,Scam suspicion,1.0
173,7,1,6,Debt collector,1.0
174,7,1,6,Telemarketer,1.0
175,7,3,4,Scam suspicion,1.0
176,7,1,6,Debt collector,1.0
177,7,1,6,Event reminder,1.0
178,7,5,2,Scam suspicion,1.0
179,7,2,5,Scam suspicion,0.5
180,7,3,4,Unknown,0.3333
181,7,2,5,Unknown,0.5
182,7,1,6,Debt collector,1.0
183,7,2,5,Debt collector,1.0
184,7,3,4,Scam suspicion,0.6667
185,7,2,5,Scam suspicion,0.5
186,7,1,6,Debt collector,1.0
187,7,1,6,Survey,1.0
188,7,4,3,Survey,0.75
189,6,4,2,Survey,0.5
190,6,4,2,Scam suspicion,0.75
191,6,5,1,Scam suspicion,0.6
192,6,3,3,Scam suspicion,1.0
193,6,1,5,Debt collector,1.0
194,6,1,5,Scam suspicion,1.0
195,6,5,1,Scam suspicion,0.8
196,6,2,4,Scam suspicion,1.0
197,6,6,0,Scam suspicion,0.8333
198,6,1,5,Text message,1.0
199,6,6,0,Scam suspicion,0.6667
200,6,1,5,Scam suspicion,1.0
201,6,4,2,Telemarketer,0.75
202,6,1,5,Unwanted,1.0
203,6,1,5,Unwanted,1.0
204,6,5,1,Telemarketer,1.0
205,6,2,4,Scam suspicion,1.0
206,6,1,5,Scam suspicion,1.0
207,6,1,5,Scam suspicion,1.0
208,6,1,5,Scam suspicion,1.0
209,6,2,4,Scam suspicion,1.0
210,6,2,4,Telemarketer,1.0
211,6,1,5,Scam suspicion,1.0
212,6,2,4,Fax,1.0
213,6,1,5,Telemarketer,1.0
214,6,1,5,Scam suspicion,1.0
215,6,1,5,Scam suspicion,1.0
216,6,1,5,Scam suspicion,1.0
217,6,1,5,Scam suspicion,1.0
218,6,1,5,Debt collector,1.0
219,6,1,5,Scam suspicion,1.0
220,6,1,5,Scam suspicion,1.0
221,6,1,5,Text message,1.0
222,6,1,5,Scam suspicion,1.0
223,6,1,5,Telemarketer,1.0
224,6,1,5,Debt collector,1.0
225,6,1,5,Non-profit organization,1.0
226,6,1,5,Telemarketer,1.0
227,6,2,4,Text message,0.5
228,6,1,5,Telemarketer,1.0
229,6,5,1,Scam suspicion,1.0
230,6,4,2,Scam suspicion,1.0
231,6,2,4,Debt collector,0.5
232,6,1,5,Debt collector,1.0
233,6,1,5,Unknown,1.0
234,6,1,5,Scam suspicion,1.0
235,6,1,5,Scam suspicion,1.0
236,6,1,5,Text message,1.0
237,6,1,5,Debt collector,1.0
238,6,1,5,Debt collector,1.0
239,6,1,5,Debt collector,1.0
240,6,1,5,Prank,1.0
241,6,1,5,Prank,1.0
242,6,1,5,Debt collector,1.0
243,6,2,4,Debt collector,1.0
244,6,1,5,Debt collector,1.0
245,6,1,5,Scam suspicion,1.0
246,5,1,4,Unwanted,1.0
247,5,1,4,Prank,1.0
248,5,2,3,Scam suspicion,1.0
249,5,2,3,Text message,0.5
250,5,1,4,Unwanted,1.0
251,5,1,4,Debt collector,1.0
252,5,4,1,Debt collector,0.5
253,5,2,3,Scam suspicion,1.0
254,5,2,3,Text message,0.5
255,5,4,1,Telemarketer,0.75
256,5,5,0,Scam suspicion,1.0
257,5,3,2,Scam suspicion,1.0
258,5,1,4,Scam suspicion,1.0
259,5,4,1,Telemarketer,1.0
260,5,4,1,Scam suspicion,0.75
261,5,4,1,Telemarketer,1.0
262,5,1,4,Scam suspicion,1.0
263,5,1,4,Text message,1.0
264,5,1,4,Scam suspicion,1.0
265,5,1,4,Scam suspicion,1.0
266,5,2,3,Valid,0.5
267,5,3,2,Debt collector,1.0
268,5,2,3,Scam suspicion,0.5
269,5,1,4,Text message,1.0
270,5,5,0,Unwanted,0.6
271,5,4,1,Scam suspicion,0.5
272,5,1,4,Scam suspicion,1.0
273,5,1,4,Debt collector,1.0
274,5,1,4,Scam suspicion,1.0
275,5,1,4,Scam suspicion,1.0
276,5,4,1,Telemarketer,0.5
277,5,4,1,Scam suspicion,0.5
278,5,2,3,Scam suspicion,1.0
279,5,4,1,Telemarketer,0.75
280,5,1,4,Text message,1.0
281,5,1,4,Prank,1.0
282,5,1,4,Scam suspicion,1.0
283,5,2,3,Telemarketer,0.5
284,5,1,4,Debt collector,1.0
285,5,2,3,Scam suspicion,0.5
286,5,1,4,Scam suspicion,1.0
287,5,1,4,Debt collector,1.0
288,5,2,3,Scam suspicion,1.0
289,5,1,4,Scam suspicion,1.0
290,5,4,1,Scam suspicion,1.0
291,5,2,3,Text message,0.5
292,5,2,3,Unwanted,1.0
293,5,1,4,Scam suspicion,1.0
294,5,2,3,Scam suspicion,0.5
295,5,2,3,Unknown,0.5
296,5,4,1,Debt collector,0.25
297,5,1,4,Scam suspicion,1.0
298,5,1,4,Debt collector,1.0
299,5,1,4,Debt collector,1.0
300,5,1,4,Debt collector,1.0
301,5,1,4,Event reminder,1.0
302,5,5,0,Scam suspicion,1.0
303,5,5,0,Scam suspicion,1.0
304,5,4,1,Scam suspicion,1.0
305,5,5,0,Scam suspicion,1.0
306,5,4,1,Scam suspicion,0.75
307,5,3,2,Scam suspicion,1.0
308,5,1,4,Scam suspicion,1.0
309,5,1,4,Scam suspicion,1.0
310,5,5,0,Telemarketer,0.8
311,5,2,3,Telemarketer,0.5
312,5,1,4,Telemarketer,1.0
313,5,2,3,Scam suspicion,0.5
314,5,1,4,Debt collector,1.0
315,5,2,3,Debt collector,1.0
316,5,1,4,Debt collector,1.0
317,5,1,4,Debt collector,1.0
318,5,1,4,Unknown,1.0
319,5,1,4,Scam suspicion,1.0
320,5,1,4,Scam suspicion,1.0
321,5,1,4,Scam suspicion,1.0
322,5,1,4,Scam suspicion,1.0
323,5,1,4,Unwanted,1.0
324,5,1,4,Scam suspicion,1.0
325,5,1,4,Scam suspicion,1.0
326,5,3,2,Scam suspicion,0.6667
327,5,1,4,Scam suspicion,1.0
328,5,2,3,Silent call,0.5
329,5,1,4,Valid,1.0
330,5,2,3,Scam suspicion,1.0
331,5,1,4,Telemarketer,1.0
332,5,1,4,Telemarketer,1.0
333,5,1,4,Telemarketer,1.0
334,4,1,3,Scam suspicion,1.0
335,4,1,3,Text message,1.0
336,4,4,0,Unwanted,1.0
337,4,3,1,Scam suspicion,0.6667
338,4,4,0,Scam suspicion,0.75
339,4,1,3,Debt collector,1.0
340,4,1,3,Scam suspicion,1.0
341,4,1,3,Scam suspicion,1.0
342,4,1,3,Unknown,1.0
343,4,3,1,Scam suspicion,1.0
344,4,4,0,Unknown,0.75
345,4,1,3,Text message,1.0
346,4,1,3,Unknown,1.0
347,4,1,3,Scam suspicion,1.0
348,4,1,3,Scam suspicion,1.0
349,4,4,0,Scam suspicion,0.75
350,4,4,0,Scam suspicion,1.0
351,4,3,1,Scam suspicion,1.0
352,4,1,3,Scam suspicion,1.0
353,4,1,3,Scam suspicion,1.0
354,4,3,1,Telemarketer,0.6667
355,4,3,1,Scam suspicion,0.6667
356,4,2,2,Fax,1.0
357,4,1,3,Telemarketer,1.0
358,4,3,1,Unknown,0.3333
359,4,3,1,Unwanted,0.6667
360,4,2,2,Scam suspicion,1.0
361,4,3,1,Scam suspicion,1.0
362,4,2,2,Scam suspicion,1.0
363,4,3,1,Debt collector,1.0
364,4,2,2,Scam suspicion,1.0
365,4,4,0,Unwanted,0.5
366,4,1,3,Telemarketer,1.0
367,4,2,2,Scam suspicion,1.0
368,4,1,3,Debt collector,1.0
369,4,2,2,Silent call,0.5
370,4,1,3,Valid,1.0
371,4,2,2,Unwanted,1.0
372,4,1,3,Scam suspicion,1.0
373,4,1,3,Debt collector,1.0
374,4,1,3,Non-profit organization,1.0
375,4,1,3,Scam suspicion,1.0
376,4,2,2,Scam suspicion,0.5
377,4,1,3,Silent call,1.0
378,4,1,3,Text message,1.0
379,4,1,3,Unwanted,1.0
380,4,2,2,Scam suspicion,1.0
381,4,1,3,Scam suspicion,1.0
382,4,1,3,Scam suspicion,1.0
383,4,1,3,Valid,1.0
384,4,1,3,Political call,1.0
385,4,1,3,Scam suspicion,1.0
386,4,1,3,Scam suspicion,1.0
387,4,1,3,Telemarketer,1.0
388,4,2,2,Prank,0.5
389,4,1,3,Non-profit organization,1.0
390,4,3,1,Scam suspicion,1.0
391,4,1,3,Scam suspicion,1.0
392,4,1,3,Telemarketer,1.0
393,4,1,3,Unknown,1.0
394,4,1,3,Text message,1.0
395,4,1,3,Scam suspicion,1.0
396,4,1,3,Unwanted,1.0
397,4,4,0,Scam suspicion,0.75
398,4,1,3,Scam suspicion,1.0
399,4,3,1,Scam suspicion,1.0
400,4,3,1,Debt collector,0.3333
401,4,1,3,Fax,1.0
402,4,1,3,Survey,1.0
403,4,1,3,Valid,1.0
404,4,3,1,Telemarketer,0.6667
405,4,4,0,Debt collector,1.0
406,4,1,3,Scam suspicion,1.0
407,4,3,1,Scam suspicion,1.0
408,4,1,3,Telemarketer,1.0
409,4,2,2,Scam suspicion,0.5
410,4,2,2,Scam suspicion,1.0
411,4,2,2,Scam suspicion,1.0
412,4,1,3,Scam suspicion,1.0
413,4,1,3,Prank,1.0
414,4,1,3,Debt collector,1.0
415,4,1,3,Debt collector,1.0
416,4,1,3,Scam suspicion,1.0
417,4,1,3,Scam suspicion,1.0
418,4,1,3,Scam suspicion,1.0
419,4,4,0,Unwanted,0.5
420,4,1,3,Telemarketer,1.0
421,4,1,3,Valid,1.0
422,4,1,3,Debt collector,1.0
423,4,2,2,Telemarketer,1.0
424,4,1,3,Scam suspicion,1.0
425,4,1,3,Scam suspicion,1.0
426,4,3,1,Scam suspicion,1.0
427,4,2,2,Unknown,1.0
428,4,1,3,Scam suspicion,1.0
429,4,1,3,Telemarketer,1.0
430,4,1,3,Debt collector,1.0
431,4,1,3,Text message,1.0
432,4,1,3,Political call,1.0
433,4,1,3,Scam suspicion,1.0
434,4,1,3,Scam suspicion,1.0
435,4,1,3,Unknown,1.0
436,4,2,2,Scam suspicion,1.0
437,4,1,3,Scam suspicion,1.0
438,4,1,3,Telemarketer,1.0
439,4,2,2,Scam suspicion,1.0
440,4,1,3,Debt collector,1.0
441,4,1,3,Valid,1.0
442,4,2,2,Survey,0.5
443,4,1,3,Scam suspicion,1.0
444,4,1,3,Debt collector,1.0
445,4,1,3,Debt collector,1.0
446,4,1,3,Debt collector,1.0
447,4,3,1,Scam suspicion,0.6667
448,4,3,1,Scam suspicion,1.0
449,4,4,0,Fax,0.75
450,4,3,1,Scam suspicion,1.0
451,4,1,3,Scam suspicion,1.0
452,4,1,3,Scam suspicion,1.0
453,4,2,2,Unknown,0.5
454,4,1,3,Scam suspicion,1.0
455,4,1,3,Text message,1.0
456,4,2,2,Scam suspicion,1.0
457,4,2,2,Scam suspicion,1.0
458,4,1,3,Survey,1.0
459,4,3,1,Unwanted,1.0
460,4,4,0,Scam suspicion,0.75
461,4,1,3,Debt collector,1.0
462,4,1,3,Scam suspicion,1.0
463,4,1,3,Scam suspicion,1.0
464,4,1,3,Text message,1.0
465,4,1,3,Debt collector,1.0
466,4,1,3,Debt collector,1.0
467,4,2,2,Scam suspicion,1.0
468,4,1,3,Scam suspicion,1.0
469,4,1,3,Prank,1.0
470,4,1,3,Telemarketer,1.0
471,4,1,3,Valid,1.0
472,4,1,3,Survey,1.0
473,4,1,3,Unknown,1.0
474,4,1,3,Scam suspicion,1.0
475,4,1,3,Scam suspicion,1.0
476,4,1,3,Scam suspicion,1.0
477,4,1,3,Scam suspicion,1.0
478,4,1,3,Telemarketer,1.0
479,4,1,3,Telemarketer,1.0
480,4,4,0,Scam suspicion,1.0
481,4,1,3,Scam suspicion,1.0
482,4,1,3,Prank,1.0
483,4,2,2,Scam suspicion,1.0
484,4,1,3,Valid,1.0
485,4,1,3,Scam suspicion,1.0
486,4,1,3,Unknown,1.0
487,4,1,3,Telemarketer,1.0
488,4,1,3,Scam suspicion,1.0
489,4,1,3,Scam suspicion,1.0
490,4,2,2,Scam suspicion,1.0
491,4,1,3,Scam suspicion,1.0
492,4,1,3,Scam suspicion,1.0
493,3,1,2,Debt collector,1.0
494,3,3,0,Scam suspicion,1.0
495,3,1,2,Scam suspicion,1.0
496,3,1,2,Scam suspicion,1.0
497,3,2,1,Telemarketer,0.5
498,3,1,2,Unwanted,1.0
499,3,1,2,Debt collector,1.0
500,3,2,1,Scam suspicion,1.0
501,3,1,2,Debt collector,1.0
502,3,1,2,Debt collector,1.0
503,3,1,2,Scam suspicion,1.0
504,3,3,0,Scam suspicion,1.0
505,3,1,2,Scam suspicion,1.0
506,3,1,2,Debt collector,1.0
507,3,2,1,Survey,1.0
508,3,1,2,Event reminder,1.0
509,3,1,2,Scam suspicion,1.0
510,3,2,1,Scam suspicion,1.0
511,3,2,1,Scam suspicion,1.0
512,3,1,2,Telemarketer,1.0
513,3,1,2,Debt collector,1.0
514,3,1,2,Scam suspicion,1.0
515,3,1,2,Scam suspicion,1.0
516,3,3,0,Text message,1.0
517,3,2,1,Scam suspicion,0.5
518,3,1,2,Scam suspicion,1.0
519,3,1,2,Scam suspicion,1.0
520,3,2,1,Scam suspicion,0.5
521,3,3,0,Scam suspicion,0.6667
522,3,1,2,Scam suspicion,1.0
523,3,2,1,Scam suspicion,0.5
524,3,1,2,Scam suspicion,1.0
525,3,3,0,Scam suspicion,1.0
526,3,3,0,Scam suspicion,0.6667
527,3,1,2,Scam suspicion,1.0
528,3,1,2,Debt collector,1.0
529,3,3,0,Scam suspicion,1.0
530,3,1,2,Scam suspicion,1.0
531,3,1,2,Fax,1.0
532,3,3,0,Scam suspicion,1.0
533,3,2,1,Scam suspicion,0.5
534,3,2,1,Unwanted,1.0
535,3,2,1,Text message,0.5
536,3,2,1,Text message,0.5
537,3,2,1,Scam suspicion,1.0
538,3,2,1,Scam suspicion,0.5
539,3,1,2,Scam suspicion,1.0
540,3,1,2,Scam suspicion,1.0
541,3,1,2,Valid,1.0
542,3,1,2,Scam suspicion,1.0
543,3,1,2,Scam suspicion,1.0
544,3,2,1,Fax,1.0
545,3,1,2,Unknown,1.0
546,3,1,2,Debt collector,1.0
547,3,2,1,Scam suspicion,0.5
548,3,2,1,Scam suspicion,1.0
549,3,2,1,Scam suspicion,1.0
550,3,2,1,Scam suspicion,0.5
551,3,2,1,Scam suspicion,1.0
552,3,3,0,Scam suspicion,1.0
553,3,2,1,Telemarketer,1.0
554,3,2,1,Scam suspicion,1.0
555,3,1,2,Scam suspicion,1.0
556,3,1,2,Unwanted,1.0
557,3,2,1,Unwanted,1.0
558,3,1,2,Scam suspicion,1.0
559,3,1,2,Scam suspicion,1.0
560,3,1,2,Scam suspicion,1.0
561,3,1,2,Debt collector,1.0
562,3,1,2,Scam suspicion,1.0
563,3,2,1,Debt collector,0.5
564,3,2,1,Unknown,0.5
565,3,1,2,Scam suspicion,1.0
566,3,2,1,Scam suspicion,0.5
567,3,1,2,Silent call,1.0
568,3,2,1,Valid,0.5
569,3,3,0,Scam suspicion,1.0
570,3,3,0,Text message,1.0
571,3,3,0,Telemarketer,1.0
572,3,2,1,Unwanted,0.5
573,3,1,2,Debt collector,1.0
574,3,1,2,Scam suspicion,1.0
575,3,1,2,Unwanted,1.0
576,3,1,2,Scam suspicion,1.0
577,3,2,1,Scam suspicion,1.0
578,3,1,2,Scam suspicion,1.0
579,3,1,2,Debt collector,1.0
580,3,2,1,Survey,1.0
581,3,1,2,Unknown,1.0
582,3,1,2,Fax,1.0
583,3,1,2,Telemarketer,1.0
584,3,2,1,Text message,1.0
585,3,1,2,Debt collector,1.0
586,3,1,2,Telemarketer,1.0
587,3,1,2,Survey,1.0
588,3,1,2,Scam suspicion,1.0
589,3,3,0,Scam suspicion,1.0
590,3,1,2,Debt collector,1.0
591,3,1,2,Debt collector,1.0
592,3,3,0,Telemarketer,1.0
593,3,1,2,Scam suspicion,1.0
594,3,1,2,Telemarketer,1.0
595,3,1,2,Scam suspicion,1.0
596,3,2,1,Scam suspicion,1.0
597,3,3,0,Scam suspicion,1.0
598,3,2,1,Scam suspicion,1.0
599,3,1,2,Scam suspicion,1.0
600,3,3,0,Scam suspicion,1.0
601,3,3,0,Scam suspicion,1.0
602,3,1,2,Debt collector,1.0
603,3,3,0,Scam suspicion,1.0
604,3,1,2,Scam suspicion,1.0
605,3,1,2,Scam suspicion,1.0
606,3,3,0,Scam suspicion,1.0
607,3,2,1,Scam suspicion,1.0
608,3,1,2,Scam suspicion,1.0
609,3,2,1,Scam suspicion,1.0
610,3,1,2,Scam suspicion,1.0
611,3,3,0,Scam suspicion,1.0
612,3,3,0,Scam suspicion,0.6667
613,3,1,2,Scam suspicion,1.0
614,3,1,2,Unwanted,1.0
615,3,1,2,Telemarketer,1.0
616,3,1,2,Scam suspicion,1.0
617,3,1,2,Telemarketer,1.0
618,3,1,2,Scam suspicion,1.0
619,3,1,2,Scam suspicion,1.0
620,3,2,1,Scam suspicion,0.5
621,3,1,2,Fax,1.0
622,3,2,1,Scam suspicion,0.5
623,3,1,2,Fax,1.0
624,3,1,2,Prank,1.0
625,3,2,1,Scam suspicion,1.0
626,3,1,2,Prank,1.0
627,3,1,2,Scam suspicion,1.0
628,3,2,1,Scam suspicion,1.0
629,3,2,1,Scam suspicion,0.5
630,3,2,1,Unknown,0.5
631,3,2,1,Scam suspicion,1.0
632,3,2,1,Scam suspicion,1.0
633,3,1,2,Scam suspicion,1.0
634,3,2,1,Telemarketer,0.5
635,3,1,2,Scam suspicion,1.0
636,3,2,1,Silent call,0.5
637,3,1,2,Debt collector,1.0
638,3,1,2,Debt collector,1.0
639,3,1,2,Scam suspicion,1.0
640,3,1,2,Scam suspicion,1.0
641,3,1,2,Scam suspicion,1.0
642,3,1,2,Scam suspicion,1.0
643,3,2,1,Scam suspicion,1.0
644,3,2,1,Scam suspicion,1.0
645,3,2,1,Valid,0.5
646,3,1,2,Telemarketer,1.0
647,3,1,2,Valid,1.0
648,3,1,2,Telemarketer,1.0
649,3,1,2,Fax,1.0
650,3,3,0,Unknown,0.6667
651,3,1,2,Prank,1.0
652,3,1,2,Telemarketer,1.0
653,3,2,1,Scam suspicion,1.0
654,3,1,2,Scam suspicion,1.0
655,3,3,0,Scam suspicion,1.0
656,3,1,2,Telemarketer,1.0
657,3,1,2,Debt collector,1.0
658,3,1,2,Telemarketer,1.0
659,3,1,2,Debt collector,1.0
660,3,1,2,Scam suspicion,1.0
661,3,3,0,Scam suspicion,1.0
662,3,2,1,Scam suspicion,1.0
663,3,1,2,Silent call,1.0
664,3,1,2,Political call,1.0
665,3,1,2,Telemarketer,1.0
666,3,1,2,Debt collector,1.0
667,3,3,0,Scam suspicion,1.0
668,3,2,1,Scam suspicion,1.0
669,3,1,2,Scam suspicion,1.0
670,3,1,2,Telemarketer,1.0
671,3,2,1,Scam suspicion,1.0
672,3,2,1,Debt collector,0.5
673,3,2,1,Text message,1.0
674,3,3,0,Telemarketer,1.0
675,3,3,0,Scam suspicion,1.0
676,3,1,2,Telemarketer,1.0
677,3,1,2,Telemarketer,1.0
678,3,1,2,Scam suspicion,1.0
679,3,3,0,Scam suspicion,1.0
680,3,3,0,Scam suspicion,1.0
681,3,3,0,Scam suspicion,1.0
682,3,2,1,Scam suspicion,1.0
683,3,3,0,Scam suspicion,1.0
684,3,1,2,Unwanted,1.0
685,3,1,2,Unknown,1.0
686,3,1,2,Telemarketer,1.0
687,3,1,2,Debt collector,1.0
688,3,1,2,Scam suspicion,1.0
689,3,1,2,Survey,1.0
690,3,1,2,Text message,1.0
691,3,1,2,Scam suspicion,1.0
692,3,1,2,Debt collector,1.0
693,3,2,1,Debt collector,1.0
694,3,1,2,Debt collector,1.0
695,3,1,2,Scam suspicion,1.0
696,3,1,2,Unwanted,1.0
697,3,1,2,Scam suspicion,1.0
698,3,2,1,Unknown,0.5
699,3,1,2,Scam suspicion,1.0
700,3,1,2,Scam suspicion,1.0
701,3,1,2,Telemarketer,1.0
702,3,1,2,Telemarketer,1.0
703,3,1,2,Scam suspicion,1.0
704,3,1,2,Silent call,1.0
705,3,1,2,Scam suspicion,1.0
706,3,1,2,Scam suspicion,1.0
707,3,2,1,Scam suspicion,1.0
708,3,1,2,Scam suspicion,1.0
709,3,1,2,Debt collector,1.0
710,3,1,2,Scam suspicion,1.0
711,3,1,2,Unknown,1.0
712,3,1,2,Debt collector,1.0
713,3,1,2,Scam suspicion,1.0
714,3,1,2,Scam suspicion,1.0
715,3,1,2,Scam suspicion,1.0
716,3,1,2,Scam suspicion,1.0
717,3,1,2,Scam suspicion,1.0
718,3,1,2,Debt collector,1.0
719,3,3,0,Scam suspicion,0.6667
720,3,1,2,Scam suspicion,1.0
721,3,2,1,Scam suspicion,1.0
722,3,1,2,Telemarketer,1.0
723,3,1,2,Scam suspicion,1.0
724,3,1,2,Scam suspicion,1.0
725,3,2,1,Debt collector,0.5
726,3,2,1,Scam suspicion,1.0
727,3,1,2,Debt collector,1.0
728,3,2,1,Scam suspicion,1.0
729,3,1,2,Valid,1.0
730,3,1,2,Debt collector,1.0
731,3,2,1,Scam suspicion,1.0
732,3,1,2,Scam suspicion,1.0
733,3,1,2,Scam suspicion,1.0
734,3,3,0,Scam suspicion,1.0
735,3,3,0,Scam suspicion,1.0
736,3,3,0,Scam suspicion,1.0
737,3,2,1,Scam suspicion,1.0
738,3,2,1,Scam suspicion,1.0
739,3,1,2,Scam suspicion,1.0
740,3,1,2,Scam suspicion,1.0
741,3,1,2,Scam suspicion,1.0
742,3,3,0,Scam suspicion,1.0
743,3,1,2,Scam suspicion,1.0
744,3,1,2,Scam suspicion,1.0
745,3,1,2,Debt collector,1.0
746,3,1,2,Debt collector,1.0
747,3,3,0,Scam suspicion,1.0
748,3,2,1,Scam suspicion,1.0
749,3,1,2,Text message,1.0
750,3,1,2,Scam suspicion,1.0
751,3,3,0,Scam suspicion,1.0
752,3,1,2,Scam suspicion,1.0
753,3,2,1,Scam suspicion,1.0
754,3,1,2,Debt collector,1.0
755,3,2,1,Scam suspicion,1.0
756,3,1,2,Scam suspicion,1.0
757,3,1,2,Telemarketer,1.0
758,3,1,2,Scam suspicion,1.0
759,3,3,0,Scam suspicion,0.6667
760,3,1,2,Scam suspicion,1.0
761,3,2,1,Scam suspicion,1.0
762,3,1,2,Scam suspicion,1.0
763,3,2,1,Valid,1.0
764,3,1,2,Text message,1.0
765,3,1,2,Scam suspicion,1.0
766,3,1,2,Scam suspicion,1.0
767,3,1,2,Scam suspicion,1.0
768,3,1,2,Scam suspicion,1.0
769,3,2,1,Telemarketer,1.0
770,3,1,2,Unknown,1.0
771,3,3,0,Scam suspicion,1.0
772,3,1,2,Scam suspicion,1.0
773,3,1,2,Scam suspicion,1.0
774,3,2,1,Scam suspicion,1.0
775,3,1,2,Text message,1.0
776,3,1,2,Text message,1.0
777,3,1,2,Scam suspicion,1.0
778,3,1,2,Debt collector,1.0
779,3,2,1,Unwanted,0.5
780,3,1,2,Scam suspicion,1.0
781,3,1,2,Unwanted,1.0
782,3,1,2,Scam suspicion,1.0
783,3,2,1,Survey,0.5
784,3,1,2,Telemarketer,1.0
785,3,1,2,Scam suspicion,1.0
786,3,1,2,Telemarketer,1.0
787,3,1,2,Scam suspicion,1.0
788,3,1,2,Telemarketer,1.0
789,3,2,1,Text message,1.0
790,3,1,2,Scam suspicion,1.0
791,3,1,2,Scam suspicion,1.0
792,3,1,2,Survey,1.0
793,3,1,2,Debt collector,1.0
794,3,1,2,Scam suspicion,1.0
795,3,1,2,Non-profit organization,1.0
796,3,1,2,Debt collector,1.0
797,3,3,0,Unknown,1.0
798,3,1,2,Scam suspicion,1.0
799,3,1,2,Scam suspicion,1.0
800,3,2,1,Scam suspicion,1.0
801,3,1,2,Scam suspicion,1.0
802,3,2,1,Scam suspicion,1.0
803,3,3,0,Scam suspicion,1.0
804,3,1,2,Scam suspicion,1.0
805,3,1,2,Scam suspicion,1.0
806,3,1,2,Scam suspicion,1.0
807,3,1,2,Scam suspicion,1.0
808,3,1,2,Scam suspicion,1.0
809,3,1,2,Scam suspicion,1.0
810,3,1,2,Scam suspicion,1.0
811,3,1,2,Debt collector,1.0
812,3,2,1,Scam suspicion,1.0
813,3,1,2,Scam suspicion,1.0
814,3,1,2,Scam suspicion,1.0
815,3,1,2,Scam suspicion,1.0
816,3,1,2,Scam suspicion,1.0
817,3,1,2,Telemarketer,1.0
818,3,1,2,Political call,1.0
819,3,1,2,Scam suspicion,1.0
820,3,1,2,Prank,1.0
821,3,1,2,Scam suspicion,1.0
822,3,1,2,Scam suspicion,1.0
823,3,1,2,Debt collector,1.0
824,3,3,0,Scam suspicion,0.6667
825,3,1,2,Scam suspicion,1.0
826,3,1,2,Prank,1.0
827,3,3,0,Unknown,1.0
828,3,2,1,Scam suspicion,0.5
829,3,1,2,Scam suspicion,1.0
830,3,2,1,Scam suspicion,1.0
831,3,1,2,Scam suspicion,1.0
832,3,1,2,Debt collector,1.0
833,3,1,2,Debt collector,1.0
834,3,1,2,Scam suspicion,1.0
835,3,1,2,Scam suspicion,1.0
836,3,1,2,Scam suspicion,1.0
837,3,1,2,Scam suspicion,1.0
838,3,1,2,Scam suspicion,1.0
839,3,1,2,Telemarketer,1.0
840,3,1,2,Debt collector,1.0
841,3,1,2,Telemarketer,1.0
842,3,2,1,Unknown,0.5
843,3,1,2,Scam suspicion,1.0
844,3,1,2,Scam suspicion,1.0
845,3,1,2,Scam suspicion,1.0
846,3,1,2,Scam suspicion,1.0
847,3,1,2,Scam suspicion,1.0
848,3,1,2,Scam suspicion,1.0
849,3,1,2,Scam suspicion,1.0
850,3,1,2,Scam suspicion,1.0
851,3,1,2,Scam suspicion,1.0
852,3,1,2,Scam suspicion,1.0
853,3,2,1,Debt collector,1.0
854,3,1,2,Unwanted,1.0
855,3,2,1,Unwanted,0.5
856,3,2,1,Silent call,1.0
857,3,2,1,Telemarketer,0.5
858,3,1,2,Scam suspicion,1.0
859,3,1,2,Valid,1.0
860,3,1,2,Scam suspicion,1.0
861,3,1,2,Debt collector,1.0
862,3,1,2,Unknown,1.0
863,3,1,2,Telemarketer,1.0
864,3,1,2,Scam suspicion,1.0
865,3,1,2,Telemarketer,1.0
866,3,2,1,Scam suspicion,1.0
867,3,1,2,Scam suspicion,1.0
868,3,1,2,Scam suspicion,1.0
869,3,1,2,Scam suspicion,1.0
870,3,1,2,Scam suspicion,1.0
871,3,1,2,Unwanted,1.0
872,3,1,2,Scam suspicion,1.0
873,2,1,1,Scam suspicion,1.0
874,2,1,1,Scam suspicion,1.0
875,2,2,0,Unwanted,1.0
876,2,1,1,Scam suspicion,1.0
877,2,1,1,Scam suspicion,1.0
878,2,1,1,Unknown,1.0
879,2,1,1,Scam suspicion,1.0
880,2,1,1,Prank,1.0
881,2,1,1,Scam suspicion,1.0
882,2,2,0,Scam suspicion,1.0
883,2,1,1,Telemarketer,1.0
884,2,2,0,Scam suspicion,1.0
885,2,1,1,Political call,1.0
886,2,1,1,Scam suspicion,1.0
887,2,1,1,Scam suspicion,1.0
888,2,1,1,Scam suspicion,1.0
889,2,1,1,Scam suspicion,1.0
890,2,1,1,Unwanted,1.0
891,2,1,1,Survey,1.0
892,2,1,1,Scam suspicion,1.0
893,2,1,1,Valid,1.0
894,2,1,1,Debt collector,1.0
895,2,1,1,Debt collector,1.0
896,2,1,1,Scam suspicion,1.0
897,2,1,1,Scam suspicion,1.0
898,2,1,1,Prank,1.0
899,2,2,0,Text message,1.0
900,2,1,1,Scam suspicion,1.0
901,2,1,1,Scam suspicion,1.0
902,2,1,1,Scam suspicion,1.0
903,2,1,1,Scam suspicion,1.0
904,2,1,1,Political call,1.0
905,2,2,0,Valid,0.5
906,2,1,1,Scam suspicion,1.0
907,2,1,1,Scam suspicion,1.0
908,2,1,1,Scam suspicion,1.0
909,2,1,1,Telemarketer,1.0
910,2,1,1,Debt collector,1.0
911,2,1,1,Text message,1.0
912,2,1,1,Unwanted,1.0
913,2,1,1,Scam suspicion,1.0
914,2,1,1,Scam suspicion,1.0
915,2,1,1,Scam suspicion,1.0
916,2,1,1,Unknown,1.0
917,2,1,1,Unwanted,1.0
918,2,1,1,Text message,1.0
919,2,1,1,Unwanted,1.0
920,2,1,1,Unknown,1.0
921,2,1,1,Unknown,1.0
922,2,1,1,Prank,1.0
923,2,1,1,Unknown,1.0
924,2,1,1,Unwanted,1.0
925,2,1,1,Scam suspicion,1.0
926,2,1,1,Scam suspicion,1.0
927,2,2,0,Scam suspicion,0.5
928,2,1,1,Text message,1.0
929,2,1,1,Non-profit organization,1.0
930,2,1,1,Scam suspicion,1.0
931,2,2,0,Scam suspicion,1.0
932,2,1,1,Scam suspicion,1.0
933,2,1,1,Scam suspicion,1.0
934,2,1,1,Fax,1.0
935,2,1,1,Text message,1.0
936,2,1,1,Unknown,1.0
937,2,1,1,Unknown,1.0
938,2,1,1,Telemarketer,1.0
939,2,1,1,Scam suspicion,1.0
940,2,1,1,Telemarketer,1.0
941,2,1,1,Scam suspicion,1.0
942,2,1,1,Debt collector,1.0
943,2,1,1,Scam suspicion,1.0
944,2,1,1,Telemarketer,1.0
945,2,1,1,Scam suspicion,1.0
946,2,1,1,Prank,1.0
947,2,2,0,Scam suspicion,0.5
948,2,1,1,Unwanted,1.0
949,2,2,0,Text message,1.0
950,2,2,0,Scam suspicion,1.0
951,2,2,0,Survey,1.0
952,2,1,1,Scam suspicion,1.0
953,2,1,1,Scam suspicion,1.0
954,2,1,1,Debt collector,1.0
955,2,1,1,Scam suspicion,1.0
956,2,1,1,Scam suspicion,1.0
957,2,1,1,Unwanted,1.0
958,2,1,1,Scam suspicion,1.0
959,2,1,1,Scam suspicion,1.0
960,2,1,1,Scam suspicion,1.0
961,2,1,1,Unwanted,1.0
962,2,1,1,Scam suspicion,1.0
963,2,1,1,Telemarketer,1.0
964,2,1,1,Debt collector,1.0
965,2,1,1,Scam suspicion,1.0
966,2,1,1,Telemarketer,1.0
967,2,1,1,Survey,1.0
968,2,1,1,Telemarketer,1.0
969,2,1,1,Scam suspicion,1.0
970,2,2,0,Unknown,1.0
971,2,1,1,Unknown,1.0
972,2,1,1,Scam suspicion,1.0
973,2,1,1,Scam suspicion,1.0
974,2,2,0,Text message,1.0
975,2,1,1,Scam suspicion,1.0
976,2,1,1,Unknown,1.0
977,2,1,1,Scam suspicion,1.0
978,2,1,1,Scam suspicion,1.0
979,2,1,1,Scam suspicion,1.0
980,2,1,1,Scam suspicion,1.0
981,2,1,1,Scam suspicion,1.0
982,2,2,0,Scam suspicion,1.0
983,2,1,1,Scam suspicion,1.0
984,2,2,0,Telemarketer,1.0
985,2,2,0,Telemarketer,1.0
986,2,1,1,Scam suspicion,1.0
987,2,1,1,Telemarketer,1.0
988,2,1,1,Text message,1.0
989,2,2,0,Scam suspicion,1.0
990,2,2,0,Scam suspicion,1.0
991,2,1,1,Scam suspicion,1.0
992,2,1,1,Scam suspicion,1.0
993,2,1,1,Debt collector,1.0
994,2,2,0,Scam suspicion,1.0
995,2,1,1,Debt collector,1.0
996,2,1,1,Scam suspicion,1.0
997,2,1,1,Scam suspicion,1.0
998,2,1,1,Scam suspicion,1.0
999,2,1,1,Valid,1.0
1000,2,1,1,Scam suspicion,1.0
1001,2,1,1,Text message,1.0
1002,2,2,0,Scam suspicion,1.0
1003,2,1,1,Telemarketer,1.0
1004,2,1,1,Scam suspicion,1.0
1005,2,2,0,Scam suspicion,1.0
1006,2,1,1,Scam suspicion,1.0
1007,2,1,1,Telemarketer,1.0
1008,2,2,0,Scam suspicion,1.0
1009,2,1,1,Scam suspicion,1.0
1010,2,1,1,Scam suspicion,1.0
1011,2,1,1,Telemarketer,1.0
1012,2,1,1,Scam suspicion,1.0
1013,2,2,0,Unknown,0.5
1014,2,1,1,Scam suspicion,1.0
1015,2,1,1,Scam suspicion,1.0
1016,2,1,1,Scam suspicion,1.0
1017,2,2,0,Scam suspicion,0.5
1018,2,1,1,Scam suspicion,1.0
1019,2,2,0,Scam suspicion,1.0
1020,2,1,1,Debt collector,1.0
1021,2,1,1,Scam suspicion,1.0
1022,2,1,1,Scam suspicion,1.0
1023,2,2,0,Debt collector,1.0
1024,2,1,1,Telemarketer,1.0
1025,2,2,0,Scam suspicion,1.0
1026,2,1,1,Scam suspicion,1.0
1027,2,1,1,Scam suspicion,1.0
1028,2,1,1,Scam suspicion,1.0
1029,2,1,1,Scam suspicion,1.0
1030,2,1,1,Scam suspicion,1.0
1031,2,2,0,Scam suspicion,1.0
1032,2,1,1,Scam suspicion,1.0
1033,2,1,1,Scam suspicion,1.0
1034,2,1,1,Unknown,1.0
1035,2,1,1,Scam suspicion,1.0
1036,2,1,1,Scam suspicion,1.0
1037,2,1,1,Scam suspicion,1.0
1038,2,1,1,Scam suspicion,1.0
1039,2,1,1,Scam suspicion,1.0
1040,2,1,1,Fax,1.0
1041,2,1,1,Scam suspicion,1.0
1042,2,1,1,Unknown,1.0
1043,2,1,1,Non-profit organization,1.0
1044,2,1,1,Scam suspicion,1.0
1045,2,1,1,Scam suspicion,1.0
1046,2,2,0,Scam suspicion,1.0
1047,2,1,1,Valid,1.0
1048,2,1,1,Scam suspicion,1.0
1049,2,1,1,Text message,1.0
1050,2,1,1,Scam suspicion,1.0
1051,2,1,1,Scam suspicion,1.0
1052,2,2,0,Scam suspicion,0.5
1053,2,1,1,Scam suspicion,1.0
1054,2,1,1,Debt collector,1.0
1055,2,2,0,Scam suspicion,1.0
1056,2,1,1,Text message,1.0
1057,2,1,1,Debt collector,1.0
1058,2,1,1,Unwanted,1.0
1059,2,2,0,Scam suspicion,1.0
1060,2,2,0,Scam suspicion,1.0
1061,2,1,1,Scam suspicion,1.0
1062,2,1,1,Valid,1.0
1063,2,1,1,Telemarketer,1.0
1064,2,1,1,Scam suspicion,1.0
1065,2,1,1,Debt collector,1.0
1066,2,1,1,Scam suspicion,1.0
1067,2,1,1,Scam suspicion,1.0
1068,2,2,0,Unwanted,0.5
1069,2,1,1,Telemarketer,1.0
1070,2,1,1,Scam suspicion,1.0
1071,2,2,0,Unwanted,1.0
1072,2,1,1,Scam suspicion,1.0
1073,2,1,1,Scam suspicion,1.0
1074,2,1,1,Valid,1.0
1075,2,1,1,Scam suspicion,1.0
1076,2,1,1,Scam suspicion,1.0
1077,2,1,1,Scam suspicion,1.0
1078,2,1,1,Telemarketer,1.0
1079,2,1,1,Scam suspicion,1.0
1080,2,1,1,Scam suspicion,1.0
1081,2,1,1,Unknown,1.0
1082,2,1,1,Text message,1.0
1083,2,1,1,Unknown,1.0
1084,2,1,1,Scam suspicion,1.0
1085,2,1,1,Debt collector,1.0
1086,2,1,1,Telemarketer,1.0
1087,2,1,1,Scam suspicion,1.0
1088,2,2,0,Survey,1.0
1089,2,1,1,Text message,1.0
1090,2,1,1,Scam suspicion,1.0
1091,2,1,1,Scam suspicion,1.0
1092,2,1,1,Scam suspicion,1.0
1093,2,1,1,Debt collector,1.0
1094,2,1,1,Scam suspicion,1.0
1095,2,1,1,Debt collector,1.0
1096,2,1,1,Debt collector,1.0
1097,2,1,1,Unknown,1.0
1098,2,1,1,Scam suspicion,1.0
1099,2,1,1,Telemarketer,1.0
1100,2,1,1,Text message,1.0
1101,2,1,1,Prank,1.0
1102,2,2,0,Scam suspicion,1.0
1103,2,2,0,Text message,1.0
1104,2,1,1,Scam suspicion,1.0
1105,2,1,1,Scam suspicion,1.0
1106,2,1,1,Scam suspicion,1.0
1107,2,1,1,Unwanted,1.0
1108,2,1,1,Scam suspicion,1.0
1109,2,1,1,Debt collector,1.0
1110,2,1,1,Political call,1.0
1111,2,1,1,Scam suspicion,1.0
1112,2,1,1,Prank,1.0
1113,2,1,1,Scam suspicion,1.0
1114,2,1,1,Scam suspicion,1.0
1115,2,1,1,Telemarketer,1.0
1116,2,1,1,Telemarketer,1.0
1117,2,1,1,Scam suspicion,1.0
1118,2,1,1,Scam suspicion,1.0
1119,2,1,1,Telemarketer,1.0
1120,2,2,0,Unwanted,0.5
1121,2,1,1,Text message,1.0
1122,2,1,1,Debt collector,1.0
1123,2,2,0,Scam suspicion,1.0
1124,2,1,1,Telemarketer,1.0
1125,2,1,1,Unwanted,1.0
1126,2,1,1,Scam suspicion,1.0
1127,2,1,1,Telemarketer,1.0
1128,2,1,1,Scam suspicion,1.0
1129,2,1,1,Valid,1.0
1130,2,1,1,Event reminder,1.0
1131,2,1,1,Scam suspicion,1.0
1132,2,1,1,Scam suspicion,1.0
1133,2,2,0,Scam suspicion,0.5
1134,2,1,1,Scam suspicion,1.0
1135,2,1,1,Scam suspicion,1.0
1136,2,2,0,Scam suspicion,1.0
1137,2,1,1,Scam suspicion,1.0
1138,2,1,1,Scam suspicion,1.0
1139,2,1,1,Scam suspicion,1.0
1140,2,1,1,Valid,1.0
1141,2,1,1,Scam suspicion,1.0
1142,2,2,0,Scam suspicion,1.0
1143,2,1,1,Telemarketer,1.0
1144,2,1,1,Scam suspicion,1.0
1145,2,2,0,Scam suspicion,1.0
1146,2,1,1,Scam suspicion,1.0
1147,2,1,1,Scam suspicion,1.0
1148,2,1,1,Scam suspicion,1.0
1149,2,1,1,Scam suspicion,1.0
1150,2,2,0,Scam suspicion,1.0
1151,2,1,1,Text message,1.0
1152,2,1,1,Scam suspicion,1.0
1153,2,1,1,Scam suspicion,1.0
1154,2,1,1,Scam suspicion,1.0
1155,2,1,1,Scam suspicion,1.0
1156,2,1,1,Scam suspicion,1.0
1157,2,1,1,Unknown,1.0
1158,2,1,1,Unwanted,1.0
1159,2,1,1,Scam suspicion,1.0
1160,2,1,1,Debt collector,1.0
1161,2,1,1,Unknown,1.0
1162,2,1,1,Scam suspicion,1.0
1163,2,1,1,Telemarketer,1.0
1164,2,1,1,Unknown,1.0
1165,2,1,1,Scam suspicion,1.0
1166,2,1,1,Telemarketer,1.0
1167,2,1,1,Scam suspicion,1.0
1168,2,1,1,Scam suspicion,1.0
1169,2,1,1,Scam suspicion,1.0
1170,2,1,1,Scam suspicion,1.0
1171,2,1,1,Debt collector,1.0
1172,2,1,1,Unwanted,1.0
1173,2,1,1,Telemarketer,1.0
1174,2,1,1,Unknown,1.0
1175,2,1,1,Scam suspicion,1.0
1176,2,1,1,Unknown,1.0
1177,2,2,0,Unknown,0.5
1178,2,1,1,Scam suspicion,1.0
1179,2,1,1,Text message,1.0
1180,2,1,1,Scam suspicion,1.0
1181,2,1,1,Scam suspicion,1.0
1182,2,1,1,Text message,1.0
1183,2,1,1,Telemarketer,1.0
1184,2,1,1,Scam suspicion,1.0
1185,2,1,1,Scam suspicion,1.0
1186,2,1,1,Scam suspicion,1.0
1187,2,1,1,Telemarketer,1.0
1188,2,1,1,Scam suspicion,1.0
1189,2,1,1,Text message,1.0
1190,2,2,0,Scam suspicion,1.0
1191,2,1,1,Scam suspicion,1.0
1192,2,1,1,Telemarketer,1.0
1193,2,1,1,Unwanted,1.0
1194,2,2,0,Unknown,1.0
1195,2,1,1,Text message,1.0
1196,2,1,1,Scam suspicion,1.0
1197,2,2,0,Scam suspicion,1.0
1198,2,1,1,Scam suspicion,1.0
1199,2,1,1,Scam suspicion,1.0
1200,2,1,1,Unwanted,1.0
1201,2,2,0,Fax,1.0
1202,2,1,1,Scam suspicion,1.0
1203,2,1,1,Scam suspicion,1.0
1204,2,1,1,Scam suspicion,1.0
1205,2,1,1,Telemarketer,1.0
1206,2,1,1,Scam suspicion,1.0
1207,2,1,1,Scam suspicion,1.0
1208,2,2,0,Fax,1.0
1209,2,1,1,Valid,1.0
1210,2,1,1,Scam suspicion,1.0
1211,2,1,1,Scam suspicion,1.0
1212,2,1,1,Telemarketer,1.0
1213,2,1,1,Scam suspicion,1.0
1214,2,1,1,Unknown,1.0
1215,2,2,0,Unknown,0.5
1216,2,1,1,Survey,1.0
1217,2,1,1,Prank,1.0
1218,2,1,1,Event reminder,1.0
1219,2,1,1,Scam suspicion,1.0
1220,2,1,1,Survey,1.0
1221,2,1,1,Scam suspicion,1.0
1222,2,1,1,Unwanted,1.0
1223,2,1,1,Scam suspicion,1.0
1224,2,1,1,Scam suspicion,1.0
1225,2,1,1,Scam suspicion,1.0
1226,2,1,1,Telemarketer,1.0
1227,2,1,1,Scam suspicion,1.0
1228,2,1,1,Scam suspicion,1.0
1229,2,1,1,Unwanted,1.0
1230,2,1,1,Unwanted,1.0
1231,2,1,1,Scam suspicion,1.0
1232,2,1,1,Scam suspicion,1.0
1233,2,1,1,Telemarketer,1.0
1234,2,1,1,Scam suspicion,1.0
1235,2,1,1,Scam suspicion,1.0
1236,2,1,1,Scam suspicion,1.0
1237,2,2,0,Scam suspicion,1.0
1238,2,1,1,Telemarketer,1.0
1239,2,1,1,Telemarketer,1.0
1240,2,1,1,Scam suspicion,1.0
1241,2,2,0,Scam suspicion,1.0
1242,2,1,1,Scam suspicion,1.0
1243,2,1,1,Prank,1.0
1244,2,1,1,Scam suspicion,1.0
1245,2,1,1,Telemarketer,1.0
1246,2,1,1,Unknown,1.0
1247,2,1,1,Text message,1.0
1248,2,1,1,Scam suspicion,1.0
1249,2,1,1,Scam suspicion,1.0
1250,2,1,1,Telemarketer,1.0
1251,2,1,1,Scam suspicion,1.0
1252,2,1,1,Debt collector,1.0
1253,2,1,1,Text message,1.0
1254,2,1,1,Scam suspicion,1.0
1255,2,1,1,Scam suspicion,1.0
1256,2,1,1,Unknown,1.0
1257,2,1,1,Scam suspicion,1.0
1258,2,1,1,Survey,1.0
1259,2,1,1,Debt collector,1.0
1260,2,1,1,Scam suspicion,1.0
1261,2,2,0,Scam suspicion,1.0
1262,2,1,1,Debt collector,1.0
1263,2,1,1,Scam suspicion,1.0
1264,2,1,1,Scam suspicion,1.0
1265,2,1,1,Scam suspicion,1.0
1266,2,1,1,Unwanted,1.0
1267,2,2,0,Scam suspicion,1.0
1268,2,1,1,Unknown,1.0
1269,2,1,1,Scam suspicion,1.0
1270,2,1,1,Debt collector,1.0
1271,2,1,1,Scam suspicion,1.0
1272,2,1,1,Scam suspicion,1.0
1273,2,1,1,Scam suspicion,1.0
1274,2,2,0,Scam suspicion,1.0
1275,2,1,1,Debt collector,1.0
1276,2,1,1,Debt collector,1.0
1277,2,2,0,Telemarketer,0.5
1278,2,1,1,Unwanted,1.0
1279,2,1,1,Scam suspicion,1.0
1280,2,1,1,Text message,1.0
1281,2,1,1,Scam suspicion,1.0
1282,2,1,1,Debt collector,1.0
1283,2,1,1,Fax,1.0
1284,2,1,1,Debt collector,1.0
1285,2,2,0,Scam suspicion,1.0
1286,2,1,1,Telemarketer,1.0
1287,2,1,1,Scam suspicion,1.0
1288,2,1,1,Telemarketer,1.0
1289,2,1,1,Scam suspicion,1.0
1290,2,2,0,Unwanted,0.5
1291,2,1,1,Scam suspicion,1.0
1292,2,1,1,Scam suspicion,1.0
1293,2,2,0,Scam suspicion,1.0
1294,2,1,1,Scam suspicion,1.0
1295,2,1,1,Debt collector,1.0
1296,2,1,1,Scam suspicion,1.0
1297,2,1,1,Scam suspicion,1.0
1298,2,1,1,Scam suspicion,1.0
1299,2,1,1,Debt collector,1.0
1300,2,1,1,Valid,1.0
1301,2,1,1,Scam suspicion,1.0
1302,2,2,0,Unknown,1.0
1303,2,2,0,Text message,1.0
1304,2,2,0,Scam suspicion,1.0
1305,2,1,1,Scam suspicion,1.0
1306,2,1,1,Scam suspicion,1.0
1307,2,1,1,Unwanted,1.0
1308,2,1,1,Scam suspicion,1.0
1309,2,1,1,Unknown,1.0
1310,2,1,1,Scam suspicion,1.0
1311,2,1,1,Scam suspicion,1.0
1312,2,1,1,Debt collector,1.0
1313,2,1,1,Scam suspicion,1.0
1314,2,2,0,Scam suspicion,1.0
1315,2,2,0,Scam suspicion,1.0
1316,2,1,1,Survey,1.0
1317,2,1,1,Scam suspicion,1.0
1318,2,1,1,Telemarketer,1.0
1319,2,1,1,Unknown,1.0
1320,2,1,1,Scam suspicion,1.0
1321,2,1,1,Text message,1.0
1322,2,1,1,Scam suspicion,1.0
1323,2,1,1,Scam suspicion,1.0
1324,2,1,1,Scam suspicion,1.0
1325,2,1,1,Scam suspicion,1.0
1326,2,1,1,Unknown,1.0
1327,2,1,1,Scam suspicion,1.0
1328,2,2,0,Scam suspicion,1.0
1329,2,2,0,Unknown,0.5
1330,2,1,1,Scam suspicion,1.0
1331,2,1,1,Text message,1.0
1332,2,2,0,Survey,0.5
1333,2,1,1,Scam suspicion,1.0
1334,2,1,1,Telemarketer,1.0
1335,2,1,1,Scam suspicion,1.0
1336,2,1,1,Telemarketer,1.0
1337,2,1,1,Debt collector,1.0
1338,2,1,1,Scam suspicion,1.0
1339,2,2,0,Scam suspicion,1.0
1340,2,1,1,Scam suspicion,1.0
1341,2,1,1,Silent call,1.0
1342,2,2,0,Text message,1.0
1343,2,1,1,Scam suspicion,1.0
1344,2,1,1,Unknown,1.0
1345,2,2,0,Scam suspicion,1.0
1346,2,1,1,Scam suspicion,1.0
1347,2,1,1,Scam suspicion,1.0
1348,2,1,1,Scam suspicion,1.0
1349,2,1,1,Debt collector,1.0
1350,2,1,1,Scam suspicion,1.0
1351,2,2,0,Text message,1.0
1352,2,1,1,Scam suspicion,1.0
1353,2,1,1,Unknown,1.0
1354,2,1,1,Scam suspicion,1.0
1355,2,2,0,Scam suspicion,1.0
1356,2,1,1,Scam suspicion,1.0
1357,2,1,1,Scam suspicion,1.0
1358,2,1,1,Scam suspicion,1.0
1359,2,1,1,Survey,1.0
1360,2,1,1,Telemarketer,1.0
1361,2,1,1,Unknown,1.0
1362,2,1,1,Debt collector,1.0
1363,2,1,1,Telemarketer,1.0
1364,2,1,1,Scam suspicion,1.0
1365,2,1,1,Debt collector,1.0
1366,2,1,1,Scam suspicion,1.0
1367,2,1,1,Scam suspicion,1.0
1368,2,1,1,Scam suspicion,1.0
1369,2,1,1,Text message,1.0
1370,2,1,1,Scam suspicion,1.0
1371,2,1,1,Scam suspicion,1.0
1372,2,1,1,Text message,1.0
1373,2,1,1,Scam suspicion,1.0
1374,2,1,1,Scam suspicion,1.0
1375,2,1,1,Scam suspicion,1.0
1376,2,1,1,Scam suspicion,1.0
1377,2,1,1,Scam suspicion,1.0
1378,2,1,1,Scam suspicion,1.0
1379,2,1,1,Debt collector,1.0
1380,2,1,1,Telemarketer,1.0
1381,2,1,1,Scam suspicion,1.0
1382,2,1,1,Silent call,1.0
1383,2,1,1,Scam suspicion,1.0
1384,2,1,1,Debt collector,1.0
1385,2,1,1,Scam suspicion,1.0
1386,2,1,1,Scam suspicion,1.0
1387,2,1,1,Scam suspicion,1.0
1388,2,1,1,Debt collector,1.0
1389,2,1,1,Debt collector,1.0
1390,2,1,1,Scam suspicion,1.0
1391,2,1,1,Scam suspicion,1.0
1392,2,1,1,Scam suspicion,1.0
1393,2,1,1,Telemarketer,1.0
1394,2,2,0,Scam suspicion,1.0
1395,2,1,1,Telemarketer,1.0
1396,2,1,1,Scam suspicion,1.0
1397,2,1,1,Unwanted,1.0
1398,2,2,0,Scam suspicion,1.0
1399,2,1,1,Silent call,1.0
1400,2,1,1,Telemarketer,1.0
1401,2,1,1,Scam suspicion,1.0
1402,2,1,1,Scam suspicion,1.0
1403,2,1,1,Telemarketer,1.0
1404,2,1,1,Telemarketer,1.0
1405,2,1,1,Scam suspicion,1.0
1406,2,1,1,Scam suspicion,1.0
1407,2,1,1,Scam suspicion,1.0
1408,2,2,0,Unknown,1.0
1409,2,1,1,Scam suspicion,1.0
1410,2,1,1,Scam suspicion,1.0
1411,2,2,0,Scam suspicion,1.0
1412,2,1,1,Unwanted,1.0
1413,2,1,1,Scam suspicion,1.0
1414,2,2,0,Unknown,0.5
1415,2,1,1,Scam suspicion,1.0
1416,2,1,1,Telemarketer,1.0
1417,2,1,1,Scam suspicion,1.0
1418,2,1,1,Telemarketer,1.0
1419,2,1,1,Telemarketer,1.0
1420,2,1,1,Scam suspicion,1.0
1421,2,1,1,Scam suspicion,1.0
1422,2,1,1,Text message,1.0
1423,2,1,1,Scam suspicion,1.0
1424,2,1,1,Scam suspicion,1.0
1425,2,1,1,Scam suspicion,1.0
1426,2,1,1,Scam suspicion,1.0
1427,2,1,1,Scam suspicion,1.0
1428,2,1,1,Text message,1.0
1429,2,1,1,Debt collector,1.0
1430,2,2,0,Scam suspicion,1.0
1431,2,1,1,Scam suspicion,1.0
1432,2,1,1,Unknown,1.0
1433,2,1,1,Scam suspicion,1.0
1434,2,2,0,Scam suspicion,0.5
1435,2,1,1,Debt collector,1.0
1436,2,1,1,Debt collector,1.0
1437,2,1,1,Scam suspicion,1.0
1438,2,2,0,Scam suspicion,1.0
1439,2,1,1,Scam suspicion,1.0
1440,2,2,0,Unwanted,0.5
1441,2,1,1,Scam suspicion,1.0
1442,2,1,1,Scam suspicion,1.0
1443,2,1,1,Scam suspicion,1.0
1444,2,1,1,Scam suspicion,1.0
1445,2,1,1,Scam suspicion,1.0
1446,2,1,1,Unknown,1.0
1447,2,1,1,Unknown,1.0
1448,2,1,1,Scam suspicion,1.0
1449,2,1,1,Text message,1.0
1450,2,1,1,Unknown,1.0
1451,2,1,1,Unwanted,1.0
1452,2,1,1,Scam suspicion,1.0
1453,2,1,1,Scam suspicion,1.0
1454,2,1,1,Telemarketer,1.0
1455,2,1,1,Scam suspicion,1.0
1456,2,1,1,Scam suspicion,1.0
1457,2,1,1,Scam suspicion,1.0
1458,2,1,1,Scam suspicion,1.0
1459,2,1,1,Scam suspicion,1.0
1460,2,2,0,Scam suspicion,1.0
1461,2,2,0,Scam suspicion,0.5
1462,2,1,1,Survey,1.0
1463,2,1,1,Unknown,1.0
1464,2,1,1,Unknown,1.0
1465,2,1,1,Telemarketer,1.0
1466,2,1,1,Unknown,1.0
1467,2,1,1,Telemarketer,1.0
1468,2,1,1,Text message,1.0
1469,2,1,1,Scam suspicion,1.0
1470,2,2,0,Scam suspicion,1.0
1471,2,1,1,Telemarketer,1.0
1472,2,1,1,Scam suspicion,1.0
1473,2,1,1,Scam suspicion,1.0
1474,2,1,1,Telemarketer,1.0
1475,2,1,1,Event reminder,1.0
1476,2,2,0,Debt collector,0.5
1477,2,2,0,Unknown,0.5
1478,2,1,1,Scam suspicion,1.0
1479,2,1,1,Scam suspicion,1.0
1480,2,2,0,Fax,1.0
1481,2,1,1,Scam suspicion,1.0
1482,2,1,1,Fax,1.0
1483,2,1,1,Scam suspicion,1.0
1484,2,2,0,Scam suspicion,1.0
1485,2,1,1,Scam suspicion,1.0
1486,2,1,1,Survey,1.0
1487,2,1,1,Scam suspicion,1.0
1488,2,1,1,Scam suspicion,1.0
1489,2,1,1,Political call,1.0
1490,2,1,1,Scam suspicion,1.0
1491,2,1,1,Debt collector,1.0
1492,2,1,1,Text message,1.0
1493,2,2,0,Debt collector,1.0
1494,2,1,1,Debt collector,1.0
1495,2,1,1,Scam suspicion,1.0
1496,2,1,1,Unwanted,1.0
1497,2,1,1,Debt collector,1.0
1498,2,1,1,Scam suspicion,1.0
1499,2,1,1,Valid,1.0
1500,2,1,1,Event reminder,1.0
1501,2,1,1,Telemarketer,1.0
1502,2,1,1,Text message,1.0
1503,2,1,1,Valid,1.0
1504,2,1,1,Scam suspicion,1.0
1505,2,1,1,Scam suspicion,1.0
1506,2,1,1,Scam suspicion,1.0
1507,2,1,1,Debt collector,1.0
1508,2,1,1,Telemarketer,1.0
1509,2,2,0,Scam suspicion,1.0
1510,2,2,0,Unwanted,0.5
1511,2,1,1,Telemarketer,1.0
1512,2,1,1,Scam suspicion,1.0
1513,2,1,1,Debt collector,1.0
1514,2,1,1,Scam suspicion,1.0
1515,2,1,1,Scam suspicion,1.0
1516,2,1,1,Unknown,1.0
1517,2,1,1,Telemarketer,1.0
1518,2,1,1,Survey,1.0
1519,2,1,1,Unknown,1.0
1520,2,1,1,Unknown,1.0
1521,2,1,1,Scam suspicion,1.0
1522,2,1,1,Valid,1.0
1523,2,1,1,Political call,1.0
1524,2,1,1,Scam suspicion,1.0
1525,2,1,1,Scam suspicion,1.0
1526,2,1,1,Unwanted,1.0
1527,2,1,1,Text message,1.0
1528,2,1,1,Scam suspicion,1.0
1529,2,1,1,Scam suspicion,1.0
1530,2,1,1,Unknown,1.0
1531,2,1,1,Telemarketer,1.0
1532,2,1,1,Telemarketer,1.0
1533,2,2,0,Debt collector,1.0
1534,2,1,1,Non-profit organization,1.0
1535,2,1,1,Unknown,1.0
1536,2,1,1,Scam suspicion,1.0
1537,2,2,0,Unknown,1.0
1538,2,1,1,Debt collector,1.0
1539,2,2,0,Scam suspicion,1.0
1540,2,1,1,Scam suspicion,1.0
1541,2,1,1,Scam suspicion,1.0
1542,2,1,1,Debt collector,1.0
1543,2,1,1,Scam suspicion,1.0
1544,2,1,1,Debt collector,1.0
1545,2,1,1,Debt collector,1.0
1546,2,1,1,Debt collector,1.0
1547,2,1,1,Scam suspicion,1.0
1548,2,1,1,Scam suspicion,1.0
1549,2,1,1,Scam suspicion,1.0
1550,2,1,1,Scam suspicion,1.0
1551,2,1,1,Debt collector,1.0
1552,2,1,1,Scam suspicion,1.0
1553,2,1,1,Scam suspicion,1.0
1554,2,1,1,Scam suspicion,1.0
1555,2,1,1,Scam suspicion,1.0
1556,2,1,1,Telemarketer,1.0
1557,2,2,0,Scam suspicion,1.0
1558,2,1,1,Unknown,1.0
1559,2,1,1,Telemarketer,1.0
1560,2,1,1,Debt collector,1.0
1561,2,1,1,Debt collector,1.0
1562,2,1,1,Unwanted,1.0
1563,2,1,1,Scam suspicion,1.0
1564,2,1,1,Scam suspicion,1.0
1565,2,1,1,Scam suspicion,1.0
1566,2,1,1,Scam suspicion,1.0
1567,2,1,1,Telemarketer,1.0
1568,2,1,1,Scam suspicion,1.0
1569,2,1,1,Scam suspicion,1.0
1570,2,2,0,Scam suspicion,1.0
1571,2,1,1,Scam suspicion,1.0
1572,2,2,0,Scam suspicion,1.0
1573,2,1,1,Valid,1.0
1574,2,1,1,Telemarketer,1.0
1575,2,1,1,Valid,1.0
1576,2,2,0,Scam suspicion,1.0
1577,2,1,1,Scam suspicion,1.0
1578,2,1,1,Scam suspicion,1.0
1579,2,1,1,Scam suspicion,1.0
1580,2,1,1,Scam suspicion,1.0
1581,2,1,1,Scam suspicion,1.0
1582,2,2,0,Scam suspicion,1.0
1583,2,1,1,Scam suspicion,1.0
1584,2,1,1,Scam suspicion,1.0
1585,2,1,1,Scam suspicion,1.0
1586,2,1,1,Scam suspicion,1.0
1587,2,1,1,Unwanted,1.0
1588,2,1,1,Scam suspicion,1.0
1589,2,1,1,Scam suspicion,1.0
1590,2,1,1,Scam suspicion,1.0
1591,2,1,1,Scam suspicion,1.0
1592,2,1,1,Unwanted,1.0
1593,2,1,1,Scam suspicion,1.0
1594,2,1,1,Unknown,1.0
1595,2,1,1,Unwanted,1.0
1596,2,1,1,Prank,1.0
1597,2,1,1,Text message,1.0
1598,2,1,1,Unwanted,1.0
1599,2,1,1,Scam suspicion,1.0
1600,2,1,1,Scam suspicion,1.0
1601,2,1,1,Text message,1.0
1602,2,1,1,Unknown,1.0
1603,2,1,1,Scam suspicion,1.0
1604,2,1,1,Text message,1.0
1605,2,2,0,Scam suspicion,1.0
1606,2,1,1,Unwanted,1.0
1607,2,1,1,Text message,1.0
1608,2,1,1,Scam suspicion,1.0
1609,2,1,1,Unknown,1.0
1610,2,1,1,Scam suspicion,1.0
1611,2,1,1,Telemarketer,1.0
1612,2,1,1,Scam suspicion,1.0
1613,2,2,0,Scam suspicion,1.0
1614,2,1,1,Telemarketer,1.0
1615,2,1,1,Telemarketer,1.0
1616,2,1,1,Scam suspicion,1.0
1617,2,1,1,Scam suspicion,1.0
1618,2,2,0,Scam suspicion,0.5
1619,2,1,1,Scam suspicion,1.0
1620,2,1,1,Unwanted,1.0
1621,2,1,1,Scam suspicion,1.0
1622,2,1,1,Scam suspicion,1.0
1623,2,1,1,Telemarketer,1.0
1624,2,1,1,Survey,1.0
1625,2,1,1,Scam suspicion,1.0
1626,2,1,1,Scam suspicion,1.0
1627,2,1,1,Scam suspicion,1.0
1628,2,2,0,Scam suspicion,0.5
1629,2,1,1,Unknown,1.0
1630,2,1,1,Scam suspicion,1.0
1631,2,2,0,Silent call,0.5
1632,2,1,1,Scam suspicion,1.0
1633,2,1,1,Unwanted,1.0
1634,2,1,1,Scam suspicion,1.0
1635,2,1,1,Scam suspicion,1.0
1636,2,1,1,Scam suspicion,1.0
1637,2,1,1,Unknown,1.0
1638,2,1,1,Debt collector,1.0
1639,2,1,1,Scam suspicion,1.0
1640,2,2,0,Scam suspicion,1.0
1641,2,1,1,Scam suspicion,1.0
1642,2,1,1,Scam suspicion,1.0
1643,2,1,1,Scam suspicion,1.0
1644,2,2,0,Prank,1.0
1645,2,1,1,Prank,1.0
1646,2,1,1,Unknown,1.0
1647,2,2,0,Scam suspicion,1.0
1648,2,1,1,Scam suspicion,1.0
1649,2,1,1,Scam suspicion,1.0
1650,2,1,1,Scam suspicion,1.0
1651,2,1,1,Scam suspicion,1.0
1652,2,1,1,Survey,1.0
1653,2,1,1,Scam suspicion,1.0
1654,2,1,1,Scam suspicion,1.0
1655,2,2,0,Unwanted,1.0
1656,2,1,1,Scam suspicion,1.0
1657,2,1,1,Scam suspicion,1.0
1658,2,2,0,Unwanted,1.0
1659,2,2,0,Scam suspicion,1.0
1660,2,1,1,Scam suspicion,1.0
1661,2,1,1,Unknown,1.0
1662,2,1,1,Unknown,1.0
1663,2,2,0,Scam suspicion,1.0
1664,2,1,1,Scam suspicion,1.0
1665,2,1,1,Scam suspicion,1.0
1666,2,1,1,Telemarketer,1.0
1667,2,1,1,Text message,1.0
1668,2,1,1,Unknown,1.0
1669,2,2,0,Unknown,0.5
1670,2,2,0,Scam suspicion,1.0
1671,2,1,1,Telemarketer,1.0
1672,2,1,1,Scam suspicion,1.0
1673,2,1,1,Scam suspicion,1.0
1674,2,1,1,Scam suspicion,1.0
1675,2,1,1,Scam suspicion,1.0
1676,2,1,1,Valid,1.0
1677,2,1,1,Debt collector,1.0
1678,2,1,1,Scam suspicion,1.0
1679,2,1,1,Scam suspicion,1.0
1680,2,2,0,Scam suspicion,1.0
1681,2,1,1,Scam suspicion,1.0
1682,2,1,1,Telemarketer,1.0
1683,2,1,1,Scam suspicion,1.0
1684,2,1,1,Debt collector,1.0
1685,2,1,1,Scam suspicion,1.0
1686,2,1,1,Fax,1.0
1687,2,1,1,Scam suspicion,1.0
1688,2,2,0,Debt collector,0.5
1689,2,1,1,Telemarketer,1.0
1690,2,1,1,Telemarketer,1.0
1691,2,1,1,Scam suspicion,1.0
1692,2,1,1,Scam suspicion,1.0
1693,2,1,1,Scam suspicion,1.0
1694,2,1,1,Scam suspicion,1.0
1695,2,1,1,Scam suspicion,1.0
1696,2,1,1,Telemarketer,1.0
1697,2,1,1,Scam suspicion,1.0
1698,2,1,1,Scam suspicion,1.0
1699,2,1,1,Scam suspicion,1.0
1700,2,1,1,Unknown,1.0
1701,2,1,1,Debt collector,1.0
1702,2,1,1,Scam suspicion,1.0
1703,2,1,1,Valid,1.0
1704,2,1,1,Scam suspicion,1.0
1705,2,1,1,Silent call,1.0
1706,2,1,1,Text message,1.0
1707,2,1,1,Scam suspicion,1.0
1708,2,2,0,Scam suspicion,1.0
1709,2,1,1,Debt collector,1.0
1710,2,1,1,Scam suspicion,1.0
1711,2,1,1,Scam suspicion,1.0
1712,2,1,1,Telemarketer,1.0
1713,2,1,1,Unwanted,1.0
1714,2,1,1,Text message,1.0
1715,2,1,1,Scam suspicion,1.0
1716,2,2,0,Scam suspicion,1.0
1717,2,1,1,Scam suspicion,1.0
1718,2,1,1,Scam suspicion,1.0
1719,2,1,1,Text message,1.0
1720,2,1,1,Scam suspicion,1.0
1721,2,1,1,Scam suspicion,1.0
1722,2,1,1,Unknown,1.0
1723,2,1,1,Unwanted,1.0
1724,2,1,1,Unknown,1.0
1725,2,1,1,Debt collector,1.0
1726,2,1,1,Debt collector,1.0
1727,2,1,1,Debt collector,1.0
1728,2,1,1,Debt collector,1.0
1729,2,1,1,Debt collector,1.0
1730,2,1,1,Debt collector,1.0
1731,2,2,0,Unknown,1.0
1732,2,1,1,Unknown,1.0
1733,2,1,1,Scam suspicion,1.0
1734,2,1,1,Unknown,1.0
1735,2,1,1,Telemarketer,1.0
1736,2,1,1,Scam suspicion,1.0
1737,2,1,1,Scam suspicion,1.0
1738,2,1,1,Debt collector,1.0
1739,2,1,1,Scam suspicion,1.0
1740,2,1,1,Telemarketer,1.0
1741,2,1,1,Telemarketer,1.0
1742,2,1,1,Prank,1.0
1743,2,1,1,Unknown,1.0
1744,2,1,1,Scam suspicion,1.0
1745,2,1,1,Scam suspicion,1.0
1746,2,1,1,Telemarketer,1.0
1747,2,1,1,Text message,1.0
1748,2,1,1,Scam suspicion,1.0
1749,2,1,1,Scam suspicion,1.0
1750,2,1,1,Scam suspicion,1.0
1751,2,1,1,Scam suspicion,1.0
1752,2,2,0,Scam suspicion,1.0
1753,2,1,1,Scam suspicion,1.0
1754,2,1,1,Scam suspicion,1.0
1755,2,1,1,Scam suspicion,1.0
1756,2,1,1,Scam suspicion,1.0
1757,2,1,1,Scam suspicion,1.0
1758,2,1,1,Scam suspicion,1.0
1759,2,2,0,Unknown,1.0
1760,2,1,1,Non-profit organization,1.0
1761,2,1,1,Scam suspicion,1.0
1762,2,1,1,Scam suspicion,1.0
1763,2,1,1,Text message,1.0
1764,2,1,1,Unknown,1.0
1765,2,1,1,Scam suspicion,1.0
1766,2,1,1,Scam suspicion,1.0
1767,2,1,1,Scam suspicion,1.0
1768,2,1,1,Scam suspicion,1.0
1769,2,1,1,Scam suspicion,1.0
1770,2,1,1,Debt collector,1.0
1771,2,1,1,Scam suspicion,1.0
1772,2,2,0,Unknown,1.0
1773,2,2,0,Scam suspicion,0.5
1774,2,2,0,Scam suspicion,0.5
1775,2,1,1,Unknown,1.0
1776,2,1,1,Unknown,1.0
1777,2,1,1,Scam suspicion,1.0
1778,2,1,1,Valid,1.0
1779,2,1,1,Scam suspicion,1.0
1780,2,1,1,Scam suspicion,1.0
1781,2,1,1,Scam suspicion,1.0
1782,2,1,1,Scam suspicion,1.0
1783,2,2,0,Scam suspicion,1.0
1784,2,1,1,Scam suspicion,1.0
1785,2,1,1,Telemarketer,1.0
1786,2,1,1,Telemarketer,1.0
1787,2,1,1,Scam suspicion,1.0
1788,2,2,0,Debt collector,0.5
1789,2,1,1,Text message,1.0
1790,2,2,0,Scam suspicion,1.0
1791,2,1,1,Debt collector,1.0
1792,2,1,1,Scam suspicion,1.0
1793,2,2,0,Telemarketer,0.5
1794,2,2,0,Silent call,0.5
1795,2,2,0,Scam suspicion,1.0
1796,2,1,1,Scam suspicion,1.0
1797,2,2,0,Telemarketer,0.5
1798,2,1,1,Scam suspicion,1.0
1799,2,2,0,Scam suspicion,1.0
1800,2,1,1,Scam suspicion,1.0
1801,2,1,1,Scam suspicion,1.0
1802,2,1,1,Scam suspicion,1.0
1803,2,1,1,Scam suspicion,1.0
1804,2,1,1,Unknown,1.0
1805,2,1,1,Scam suspicion,1.0
1806,2,1,1,Scam suspicion,1.0
1807,2,2,0,Scam suspicion,1.0
1808,2,1,1,Scam suspicion,1.0
1809,2,1,1,Scam suspicion,1.0
1810,2,1,1,Unwanted,1.0
1811,2,1,1,Valid,1.0
1812,2,1,1,Scam suspicion,1.0
1813,2,2,0,Scam suspicion,1.0
1814,2,1,1,Telemarketer,1.0
1815,2,1,1,Scam suspicion,1.0
1816,2,2,0,Unknown,0.5
1817,2,1,1,Text message,1.0
1818,2,1,1,Debt collector,1.0
1819,2,1,1,Scam suspicion,1.0
1820,2,1,1,Debt collector,1.0
1821,2,1,1,Scam suspicion,1.0
1822,2,1,1,Scam suspicion,1.0
1823,2,1,1,Scam suspicion,1.0
1824,2,2,0,Scam suspicion,1.0
1825,2,1,1,Scam suspicion,1.0
1826,2,1,1,Debt collector,1.0
1827,2,1,1,Unknown,1.0
1828,2,2,0,Silent call,0.5
1829,2,1,1,Unwanted,1.0
1830,2,1,1,Scam suspicion,1.0
1831,2,1,1,Scam suspicion,1.0
1832,2,1,1,Scam suspicion,1.0
1833,2,1,1,Scam suspicion,1.0
1834,2,2,0,Scam suspicion,1.0
1835,2,1,1,Scam suspicion,1.0
1836,2,1,1,Scam suspicion,1.0
1837,2,1,1,Scam suspicion,1.0
1838,2,2,0,Scam suspicion,0.5
1839,2,1,1,Scam suspicion,1.0
1840,2,1,1,Debt collector,1.0
1841,2,1,1,Debt collector,1.0
1842,2,1,1,Scam suspicion,1.0
1843,2,1,1,Debt collector,1.0
1844,2,1,1,Scam suspicion,1.0
1845,2,1,1,Scam suspicion,1.0
1846,2,1,1,Scam suspicion,1.0
1847,2,1,1,Scam suspicion,1.0
1848,2,1,1,Telemarketer,1.0
1849,2,1,1,Text message,1.0
1850,2,2,0,Scam suspicion,0.5
1851,2,1,1,Scam suspicion,1.0
1852,2,1,1,Scam suspicion,1.0
1853,2,1,1,Debt collector,1.0
1854,2,1,1,Telemarketer,1.0
1855,2,1,1,Debt collector,1.0
1856,2,1,1,Unknown,1.0
1857,2,1,1,Debt collector,1.0
1858,2,1,1,Scam suspicion,1.0
1859,2,1,1,Scam suspicion,1.0
1860,2,1,1,Debt collector,1.0
1861,2,1,1,Debt collector,1.0
1862,2,1,1,Scam suspicion,1.0
1863,2,1,1,Debt collector,1.0
1864,2,1,1,Scam suspicion,1.0
1865,2,1,1,Unwanted,1.0
1866,2,1,1,Debt collector,1.0
1867,2,1,1,Telemarketer,1.0
1868,2,1,1,Scam suspicion,1.0
1869,2,1,1,Scam suspicion,1.0
1870,2,2,0,Scam suspicion,0.5
1871,2,1,1,Scam suspicion,1.0
1872,2,2,0,Unknown,0.5
1873,2,1,1,Scam suspicion,1.0
1874,2,2,0,Text message,0.5
1875,2,1,1,Scam suspicion,1.0
1876,2,1,1,Scam suspicion,1.0
1877,2,2,0,Scam suspicion,1.0
1878,2,1,1,Prank,1.0
1879,2,1,1,Scam suspicion,1.0
1880,2,1,1,Scam suspicion,1.0
1881,2,2,0,Unknown,1.0
1882,2,1,1,Scam suspicion,1.0
1883,2,1,1,Scam suspicion,1.0
1884,2,1,1,Valid,1.0
1885,2,1,1,Debt collector,1.0
1886,2,2,0,Debt collector,0.5
1887,2,1,1,Telemarketer,1.0
1888,2,2,0,Scam suspicion,1.0
1889,2,1,1,Scam suspicion,1.0
1890,2,1,1,Scam suspicion,1.0
1891,2,1,1,Scam suspicion,1.0
1892,2,2,0,Scam suspicion,1.0
1893,2,1,1,Scam suspicion,1.0
1894,2,1,1,Scam suspicion,1.0
1895,2,2,0,Fax,0.5
1896,2,1,1,Scam suspicion,1.0
1897,2,2,0,Scam suspicion,1.0
1898,2,2,0,Scam suspicion,1.0
1899,2,1,1,Scam suspicion,1.0
1900,2,1,1,Survey,1.0
1901,2,2,0,Scam suspicion,1.0
1902,2,1,1,Scam suspicion,1.0
1903,2,1,1,Unwanted,1.0
1904,2,1,1,Scam suspicion,1.0
1905,2,1,1,Scam suspicion,1.0
1906,2,2,0,Scam suspicion,1.0
1907,2,1,1,Scam suspicion,1.0
1908,2,2,0,Text message,0.5
1909,2,1,1,Scam suspicion,1.0
1910,2,1,1,Scam suspicion,1.0
1911,2,1,1,Scam suspicion,1.0
1912,2,1,1,Telemarketer,1.0
1913,2,1,1,Scam suspicion,1.0
1914,2,1,1,Scam suspicion,1.0
1915,2,1,1,Scam suspicion,1.0
1916,2,1,1,Scam suspicion,1.0
1917,2,1,1,Unknown,1.0
1918,2,1,1,Scam suspicion,1.0
1919,2,1,1,Scam suspicion,1.0
1920,2,1,1,Scam suspicion,1.0
1921,2,2,0,Scam suspicion,1.0
1922,2,1,1,Scam suspicion,1.0
1923,2,2,0,Scam suspicion,1.0
1924,2,1,1,Scam suspicion,1.0
1925,2,1,1,Scam suspicion,1.0
1926,2,1,1,Scam suspicion,1.0
1927,2,1,1,Scam suspicion,1.0
1928,2,1,1,Unknown,1.0
1929,2,1,1,Text message,1.0
1930,2,1,1,Scam suspicion,1.0
1931,2,1,1,Scam suspicion,1.0
1932,2,1,1,Scam suspicion,1.0
1933,2,1,1,Scam suspicion,1.0
1934,2,1,1,Scam suspicion,1.0
1935,2,1,1,Scam suspicion,1.0
1936,2,1,1,Scam suspicion,1.0
1937,2,1,1,Unknown,1.0
1938,2,1,1,Scam suspicion,1.0
1939,2,1,1,Scam suspicion,1.0
1940,2,2,0,Telemarketer,0.5
1941,2,2,0,Scam suspicion,1.0
1942,2,1,1,Scam suspicion,1.0
1943,2,2,0,Scam suspicion,1.0
1944,2,2,0,Scam suspicion,1.0
1945,2,1,1,Scam suspicion,1.0
1946,2,1,1,Scam suspicion,1.0
1947,2,2,0,Scam suspicion,1.0
1948,2,1,1,Scam suspicion,1.0
1949,2,1,1,Scam suspicion,1.0
1950,2,1,1,Scam suspicion,1.0
1951,2,1,1,Scam suspicion,1.0
1952,2,1,1,Scam suspicion,1.0
1953,2,1,1,Scam suspicion,1.0
1954,2,1,1,Scam suspicion,1.0
1955,2,2,0,Telemarketer,0.5
1956,2,2,0,Scam suspicion,1.0
1957,2,2,0,Scam suspicion,1.0
1958,2,1,1,Scam suspicion,1.0
1959,2,1,1,Scam suspicion,1.0
1960,2,1,1,Unknown,1.0
1961,2,2,0,Scam suspicion,1.0
1962,2,1,1,Scam suspicion,1.0
1963,2,1,1,Scam suspicion,1.0
1964,2,1,1,Scam suspicion,1.0
1965,2,1,1,Debt collector,1.0
1966,2,1,1,Unknown,1.0
1967,2,2,0,Scam suspicion,1.0
1968,2,1,1,Event reminder,1.0
1969,2,1,1,Scam suspicion,1.0
1970,2,1,1,Scam suspicion,1.0
1971,2,2,0,Scam suspicion,1.0
1972,2,1,1,Scam suspicion,1.0
1973,2,1,1,Scam suspicion,1.0
1974,2,1,1,Scam suspicion,1.0
1975,2,1,1,Unknown,1.0
1976,2,2,0,Text message,0.5
1977,2,2,0,Scam suspicion,0.5
1978,2,1,1,Scam suspicion,1.0
1979,2,1,1,Debt collector,1.0
1980,2,1,1,Debt collector,1.0
1981,2,1,1,Scam suspicion,1.0
1982,2,1,1,Scam suspicion,1.0
1983,2,2,0,Scam suspicion,1.0
1984,2,2,0,Scam suspicion,1.0
1985,2,1,1,Scam suspicion,1.0
1986,2,1,1,Scam suspicion,1.0
1987,2,1,1,Unknown,1.0
1988,2,1,1,Scam suspicion,1.0
1989,2,1,1,Scam suspicion,1.0
1990,2,1,1,Scam suspicion,1.0
1991,2,1,1,Scam suspicion,1.0
1992,2,2,0,Scam suspicion,1.0
1993,2,2,0,Scam suspicion,1.0
1994,2,1,1,Scam suspicion,1.0
1995,2,1,1,Scam suspicion,1.0
1996,2,1,1,Scam suspicion,1.0
1997,2,1,1,Debt collector,1.0
1998,2,1,1,Scam suspicion,1.0
1999,2,1,1,Scam suspicion,1.0
2000,2,2,0,Scam suspicion,0.5
2001,2,1,1,Scam suspicion,1.0
2002,2,1,1,Scam suspicion,1.0
2003,2,1,1,Telemarketer,1.0
2004,2,1,1,Scam suspicion,1.0
2005,2,1,1,Scam suspicion,1.0
2006,2,2,0,Scam suspicion,1.0
2007,2,1,1,Unwanted,1.0
2008,2,2,0,Unwanted,0.5
2009,2,1,1,Text message,1.0
2010,2,1,1,Scam suspicion,1.0
2011,2,1,1,Debt collector,1.0
2012,2,2,0,Scam suspicion,1.0
2013,2,1,1,Scam suspicion,1.0
2014,2,1,1,Scam suspicion,1.0
2015,2,1,1,Scam suspicion,1.0
2016,2,1,1,Debt collector,1.0
2017,2,1,1,Text message,1.0
2018,2,1,1,Scam suspicion,1.0
2019,2,1,1,Text message,1.0
2020,2,2,0,Scam suspicion,0.5
2021,2,2,0,Scam suspicion,1.0
2022,2,2,0,Scam suspicion,1.0
2023,2,1,1,Scam suspicion,1.0
2024,2,1,1,Scam suspicion,1.0
2025,2,1,1,Scam suspicion,1.0
2026,2,1,1,Scam suspicion,1.0
2027,2,1,1,Valid,1.0
2028,2,1,1,Scam suspicion,1.0
2029,2,1,1,Scam suspicion,1.0
2030,2,1,1,Telemarketer,1.0
2031,2,2,0,Scam suspicion,1.0
2032,2,2,0,Scam suspicion,1.0
2033,2,1,1,Scam suspicion,1.0
2034,2,1,1,Scam suspicion,1.0
2035,2,1,1,Scam suspicion,1.0
2036,2,2,0,Telemarketer,1.0
2037,2,2,0,Scam suspicion,0.5
2038,2,1,1,Scam suspicion,1.0
2039,2,1,1,Scam suspicion,1.0
2040,2,1,1,Scam suspicion,1.0
2041,2,1,1,Text message,1.0
2042,2,1,1,Scam suspicion,1.0
2043,2,1,1,Scam suspicion,1.0
2044,2,1,1,Text message,1.0
2045,2,1,1,Scam suspicion,1.0
2046,2,1,1,Text message,1.0
2047,2,1,1,Debt collector,1.0
2048,2,1,1,Telemarketer,1.0
2049,2,1,1,Scam suspicion,1.0
2050,2,1,1,Scam suspicion,1.0
2051,2,1,1,Scam suspicion,1.0
2052,2,1,1,Valid,1.0
2053,2,1,1,Scam suspicion,1.0
2054,2,1,1,Text message,1.0
2055,2,1,1,Unwanted,1.0
2056,2,1,1,Text message,1.0
2057,2,1,1,Scam suspicion,1.0
2058,2,2,0,Unknown,0.5
2059,2,2,0,Scam suspicion,1.0
2060,2,1,1,Debt collector,1.0
2061,2,1,1,Scam suspicion,1.0
2062,2,1,1,Scam suspicion,1.0
2063,2,2,0,Debt collector,0.5
2064,2,1,1,Debt collector,1.0
2065,2,1,1,Scam suspicion,1.0
2066,2,1,1,Scam suspicion,1.0
2067,2,1,1,Scam suspicion,1.0
2068,2,1,1,Scam suspicion,1.0
2069,2,2,0,Scam suspicion,1.0
2070,2,1,1,Debt collector,1.0
2071,2,1,1,Scam suspicion,1.0
2072,2,1,1,Scam suspicion,1.0
2073,2,2,0,Scam suspicion,1.0
2074,2,2,0,Scam suspicion,1.0
2075,2,1,1,Text message,1.0
2076,2,1,1,Scam suspicion,1.0
2077,2,1,1,Debt collector,1.0
2078,2,1,1,Scam suspicion,1.0
2079,2,1,1,Telemarketer,1.0
2080,2,1,1,Unknown,1.0
2081,2,1,1,Scam suspicion,1.0
2082,2,1,1,Survey,1.0
2083,2,1,1,Debt collector,1.0
2084,2,1,1,Scam suspicion,1.0
2085,2,1,1,Scam suspicion,1.0
2086,2,1,1,Scam suspicion,1.0
2087,2,1,1,Scam suspicion,1.0
2088,2,1,1,Scam suspicion,1.0
2089,2,1,1,Text message,1.0
2090,2,1,1,Unwanted,1.0
2091,2,2,0,Scam suspicion,1.0
2092,2,2,0,Scam suspicion,0.5
2093,2,1,1,Scam suspicion,1.0
2094,2,1,1,Scam suspicion,1.0
2095,2,1,1,Scam suspicion,1.0
2096,2,1,1,Scam suspicion,1.0
2097,2,2,0,Text message,0.5
2098,2,2,0,Scam suspicion,1.0
2099,2,2,0,Scam suspicion,1.0
2100,2,1,1,Prank,1.0
2101,2,1,1,Debt collector,1.0
2102,2,2,0,Scam suspicion,1.0
2103,2,1,1,Scam suspicion,1.0
2104,2,1,1,Scam suspicion,1.0
2105,2,1,1,Scam suspicion,1.0
2106,2,1,1,Scam suspicion,1.0
2107,2,1,1,Text message,1.0
2108,2,2,0,Scam suspicion,1.0
2109,2,1,1,Scam suspicion,1.0
2110,2,1,1,Scam suspicion,1.0
2111,2,1,1,Scam suspicion,1.0
2112,2,1,1,Scam suspicion,1.0
2113,2,1,1,Scam suspicion,1.0
2114,2,1,1,Fax,1.0
2115,2,1,1,Scam suspicion,1.0
2116,2,1,1,Scam suspicion,1.0
2117,2,1,1,Scam suspicion,1.0
2118,2,1,1,Non-profit organization,1.0
2119,2,1,1,Scam suspicion,1.0
2120,2,1,1,Scam suspicion,1.0
2121,2,1,1,Text message,1.0
2122,2,1,1,Scam suspicion,1.0
2123,2,2,0,Scam suspicion,0.5
2124,2,1,1,Scam suspicion,1.0
2125,2,1,1,Telemarketer,1.0
2126,2,1,1,Scam suspicion,1.0
2127,2,1,1,Scam suspicion,1.0
2128,2,2,0,Scam suspicion,1.0
2129,2,1,1,Scam suspicion,1.0
2130,2,1,1,Survey,1.0
2131,2,1,1,Scam suspicion,1.0
2132,2,1,1,Scam suspicion,1.0
2133,2,1,1,Unknown,1.0
2134,2,1,1,Scam suspicion,1.0
2135,2,2,0,Scam suspicion,1.0
2136,2,2,0,Unknown,1.0
2137,2,1,1,Scam suspicion,1.0
2138,2,1,1,Unwanted,1.0
2139,2,1,1,Telemarketer,1.0
2140,2,1,1,Scam suspicion,1.0
2141,2,1,1,Scam suspicion,1.0
2142,2,1,1,Scam suspicion,1.0
2143,2,1,1,Scam suspicion,1.0
2144,2,1,1,Scam suspicion,1.0
2145,2,1,1,Scam suspicion,1.0
2146,2,1,1,Scam suspicion,1.0
2147,2,1,1,Scam suspicion,1.0
2148,2,1,1,Scam suspicion,1.0
2149,2,1,1,Scam suspicion,1.0
2150,2,1,1,Unknown,1.0
2151,2,1,1,Scam suspicion,1.0
2152,2,1,1,Debt collector,1.0
2153,2,1,1,Telemarketer,1.0
2154,2,1,1,Telemarketer,1.0
2155,2,1,1,Scam suspicion,1.0
2156,2,1,1,Unknown,1.0
2157,2,1,1,Scam suspicion,1.0
2158,2,1,1,Scam suspicion,1.0
2159,2,2,0,Scam suspicion,1.0
2160,2,1,1,Scam suspicion,1.0
2161,2,1,1,Scam suspicion,1.0
2162,2,1,1,Scam suspicion,1.0
2163,2,1,1,Scam suspicion,1.0
2164,2,2,0,Scam suspicion,1.0
2165,2,1,1,Scam suspicion,1.0
2166,2,1,1,Scam suspicion,1.0
2167,2,2,0,Scam suspicion,1.0
2168,2,2,0,Scam suspicion,1.0
2169,2,1,1,Scam suspicion,1.0
2170,2,1,1,Scam suspicion,1.0
2171,2,2,0,Scam suspicion,1.0
2172,2,1,1,Scam suspicion,1.0
2173,2,2,0,Scam suspicion,1.0
2174,2,1,1,Scam suspicion,1.0
2175,2,1,1,Scam suspicion,1.0
2176,2,1,1,Scam suspicion,1.0
2177,2,1,1,Scam suspicion,1.0
2178,2,2,0,Scam suspicion,1.0
2179,2,2,0,Scam suspicion,1.0
2180,2,1,1,Scam suspicion,1.0
2181,2,1,1,Scam suspicion,1.0
2182,2,1,1,Scam suspicion,1.0
2183,2,1,1,Telemarketer,1.0
2184,2,1,1,Scam suspicion,1.0
2185,2,1,1,Debt collector,1.0
2186,2,1,1,Debt collector,1.0
2187,2,2,0,Scam suspicion,1.0
2188,2,1,1,Scam suspicion,1.0
2189,2,1,1,Scam suspicion,1.0
2190,2,1,1,Scam suspicion,1.0
2191,2,1,1,Scam suspicion,1.0
2192,2,1,1,Debt collector,1.0
2193,2,1,1,Scam suspicion,1.0
2194,2,1,1,Scam suspicion,1.0
2195,2,1,1,Scam suspicion,1.0
2196,2,2,0,Text message,0.5
2197,2,1,1,Scam suspicion,1.0
2198,2,1,1,Unwanted,1.0
2199,2,2,0,Scam suspicion,1.0
2200,2,1,1,Scam suspicion,1.0
2201,2,1,1,Scam suspicion,1.0
2202,2,1,1,Scam suspicion,1.0
2203,2,1,1,Text message,1.0
2204,2,2,0,Scam suspicion,1.0
2205,2,1,1,Scam suspicion,1.0
2206,2,1,1,Prank,1.0
2207,2,1,1,Scam suspicion,1.0
2208,2,1,1,Text message,1.0
2209,2,1,1,Scam suspicion,1.0
2210,2,1,1,Scam suspicion,1.0
2211,2,1,1,Scam suspicion,1.0
2212,2,1,1,Scam suspicion,1.0
2213,2,1,1,Telemarketer,1.0
2214,2,1,1,Scam suspicion,1.0
2215,2,1,1,Scam suspicion,1.0
2216,2,1,1,Scam suspicion,1.0
2217,2,1,1,Scam suspicion,1.0
2218,2,1,1,Scam suspicion,1.0
2219,2,1,1,Scam suspicion,1.0
2220,2,1,1,Scam suspicion,1.0
2221,2,1,1,Scam suspicion,1.0
2222,2,1,1,Prank,1.0
2223,2,1,1,Non-profit organization,1.0
2224,2,1,1,Non-profit organization,1.0
2225,2,1,1,Scam suspicion,1.0
2226,2,1,1,Scam suspicion,1.0
2227,2,1,1,Scam suspicion,1.0
2228,2,1,1,Scam suspicion,1.0
2229,2,1,1,Prank,1.0
2230,2,1,1,Prank,1.0
2231,2,1,1,Scam suspicion,1.0
2232,2,1,1,Prank,1.0
2233,2,1,1,Text message,1.0
2234,2,1,1,Scam suspicion,1.0
2235,2,1,1,Scam suspicion,1.0
2236,2,1,1,Scam suspicion,1.0
2237,2,1,1,Prank,1.0
2238,2,1,1,Scam suspicion,1.0
2239,2,1,1,Debt collector,1.0
2240,2,1,1,Scam suspicion,1.0
2241,2,1,1,Debt collector,1.0
2242,2,1,1,Scam suspicion,1.0
2243,2,1,1,Scam suspicion,1.0
2244,2,1,1,Debt collector,1.0
2245,2,2,0,Scam suspicion,1.0
2246,2,1,1,Scam suspicion,1.0
2247,2,1,1,Unknown,1.0
2248,2,1,1,Event reminder,1.0
2249,2,1,1,Scam suspicion,1.0
2250,2,2,0,Scam suspicion,1.0
2251,2,2,0,Scam suspicion,0.5
2252,2,1,1,Unknown,1.0
2253,2,1,1,Scam suspicion,1.0
2254,2,1,1,Valid,1.0
2255,2,1,1,Valid,1.0
2256,2,2,0,Scam suspicion,1.0
2257,2,1,1,Scam suspicion,1.0
2258,2,1,1,Scam suspicion,1.0
2259,2,1,1,Scam suspicion,1.0
2260,2,1,1,Scam suspicion,1.0
2261,2,1,1,Debt collector,1.0
2262,2,1,1,Scam suspicion,1.0
2263,2,1,1,Scam suspicion,1.0
2264,2,1,1,Scam suspicion,1.0
2265,2,1,1,Prank,1.0
2266,2,1,1,Scam suspicion,1.0
2267,2,1,1,Scam suspicion,1.0
2268,2,1,1,Scam suspicion,1.0
2269,2,1,1,Silent call,1.0
2270,2,2,0,Silent call,0.5
2271,2,1,1,Scam suspicion,1.0
2272,2,1,1,Scam suspicion,1.0
2273,2,1,1,Scam suspicion,1.0
2274,2,1,1,Unknown,1.0
2275,2,1,1,Scam suspicion,1.0
2276,2,1,1,Scam suspicion,1.0
2277,2,1,1,Debt collector,1.0
2278,2,2,0,Unknown,0.5
2279,2,1,1,Unknown,1.0
2280,2,1,1,Scam suspicion,1.0
2281,2,1,1,Scam suspicion,1.0
2282,2,1,1,Silent call,1.0
2283,2,1,1,Scam suspicion,1.0
2284,2,1,1,Scam suspicion,1.0
2285,2,1,1,Text message,1.0
2286,2,2,0,Scam suspicion,1.0
2287,2,1,1,Scam suspicion,1.0
2288,2,1,1,Scam suspicion,1.0
2289,2,1,1,Scam suspicion,1.0
2290,2,1,1,Scam suspicion,1.0
2291,2,1,1,Scam suspicion,1.0
2292,2,2,0,Scam suspicion,1.0
2293,2,1,1,Scam suspicion,1.0
2294,2,1,1,Debt collector,1.0
2295,2,1,1,Scam suspicion,1.0
2296,2,1,1,Scam suspicion,1.0
2297,2,1,1,Scam suspicion,1.0
2298,2,1,1,Scam suspicion,1.0
2299,2,1,1,Scam suspicion,1.0
2300,2,2,0,Scam suspicion,1.0
2301,2,1,1,Scam suspicion,1.0
2302,2,1,1,Scam suspicion,1.0
2303,2,1,1,Debt collector,1.0
2304,2,1,1,Scam suspicion,1.0
2305,2,1,1,Scam suspicion,1.0
2306,2,1,1,Unwanted,1.0
2307,2,1,1,Unwanted,1.0
2308,2,1,1,Silent call,1.0
2309,2,1,1,Scam suspicion,1.0
2310,2,2,0,Valid,0.5
2311,2,1,1,Scam suspicion,1.0
2312,2,1,1,Silent call,1.0
2313,2,1,1,Text message,1.0
2314,2,1,1,Debt collector,1.0
2315,2,1,1,Valid,1.0
2316,2,1,1,Unknown,1.0
2317,2,1,1,Scam suspicion,1.0
2318,2,1,1,Debt collector,1.0
2319,2,1,1,Telemarketer,1.0
2320,2,1,1,Event reminder,1.0
2321,2,1,1,Scam suspicion,1.0
2322,2,1,1,Scam suspicion,1.0
2323,2,1,1,Scam suspicion,1.0
2324,2,1,1,Text message,1.0
2325,2,1,1,Unknown,1.0
2326,2,1,1,Scam suspicion,1.0
2327,2,1,1,Scam suspicion,1.0
2328,2,2,0,Scam suspicion,1.0
2329,2,1,1,Scam suspicion,1.0
2330,2,1,1,Unwanted,1.0
2331,2,2,0,Scam suspicion,1.0
2332,2,1,1,Unknown,1.0
2333,2,1,1,Scam suspicion,1.0
2334,2,1,1,Scam suspicion,1.0
2335,2,1,1,Survey,1.0
2336,2,2,0,Unknown,0.5
2337,2,1,1,Scam suspicion,1.0
2338,2,1,1,Scam suspicion,1.0
2339,2,2,0,Silent call,0.5
2340,2,1,1,Telemarketer,1.0
2341,2,1,1,Text message,1.0
2342,2,1,1,Scam suspicion,1.0
2343,2,1,1,Unwanted,1.0
2344,2,1,1,Scam suspicion,1.0
2345,2,1,1,Scam suspicion,1.0
2346,2,1,1,Scam suspicion,1.0
2347,2,1,1,Scam suspicion,1.0
2348,2,1,1,Telemarketer,1.0
2349,2,1,1,Scam suspicion,1.0
2350,2,2,0,Scam suspicion,0.5
2351,2,1,1,Scam suspicion,1.0
2352,2,1,1,Scam suspicion,1.0
2353,2,1,1,Scam suspicion,1.0
2354,2,1,1,Scam suspicion,1.0
2355,2,1,1,Telemarketer,1.0
2356,2,1,1,Unknown,1.0
2357,2,1,1,Scam suspicion,1.0
2358,2,1,1,Scam suspicion,1.0
2359,2,1,1,Scam suspicion,1.0
2360,2,2,0,Scam suspicion,0.5
2361,2,1,1,Text message,1.0
2362,2,1,1,Debt collector,1.0
2363,2,1,1,Scam suspicion,1.0
2364,2,2,0,Scam suspicion,1.0
2365,2,2,0,Scam suspicion,1.0
2366,2,2,0,Scam suspicion,1.0
2367,2,1,1,Scam suspicion,1.0
2368,2,1,1,Valid,1.0
2369,2,1,1,Scam suspicion,1.0
2370,2,1,1,Silent call,1.0
2371,2,1,1,Scam suspicion,1.0
2372,2,2,0,Scam suspicion,1.0
2373,2,2,0,Unwanted,0.5
2374,2,1,1,Scam suspicion,1.0
2375,2,1,1,Telemarketer,1.0
2376,2,2,0,Text message,1.0
2377,2,1,1,Scam suspicion,1.0
2378,2,1,1,Scam suspicion,1.0
2379,2,1,1,Scam suspicion,1.0
2380,2,1,1,Scam suspicion,1.0
2381,2,2,0,Telemarketer,0.5
2382,2,1,1,Telemarketer,1.0
2383,2,1,1,Telemarketer,1.0
2384,2,1,1,Scam suspicion,1.0
2385,2,1,1,Scam suspicion,1.0
2386,2,1,1,Scam suspicion,1.0
2387,2,2,0,Scam suspicion,1.0
2388,2,2,0,Scam suspicion,1.0
2389,2,1,1,Scam suspicion,1.0
2390,2,1,1,Event reminder,1.0
2391,2,1,1,Debt collector,1.0
2392,2,1,1,Scam suspicion,1.0
2393,2,1,1,Scam suspicion,1.0
2394,2,1,1,Unknown,1.0
2395,2,2,0,Scam suspicion,1.0
2396,2,1,1,Scam suspicion,1.0
2397,2,1,1,Scam suspicion,1.0
2398,2,1,1,Scam suspicion,1.0
2399,2,1,1,Scam suspicion,1.0
2400,2,1,1,Text message,1.0
2401,2,1,1,Unknown,1.0
2402,2,1,1,Scam suspicion,1.0
2403,2,1,1,Valid,1.0
2404,2,1,1,Debt collector,1.0
2405,2,2,0,Scam suspicion,1.0
2406,2,1,1,Telemarketer,1.0
2407,2,1,1,Scam suspicion,1.0
2408,2,2,0,Text message,1.0
2409,2,2,0,Scam suspicion,1.0
2410,2,1,1,Unknown,1.0
2411,2,1,1,Scam suspicion,1.0
2412,2,1,1,Scam suspicion,1.0
2413,2,1,1,Scam suspicion,1.0
2414,2,2,0,Unwanted,0.5
2415,2,1,1,Scam suspicion,1.0
2416,2,1,1,Text message,1.0
2417,2,1,1,Telemarketer,1.0
2418,2,1,1,Scam suspicion,1.0
2419,2,1,1,Unknown,1.0
2420,2,1,1,Scam suspicion,1.0
2421,2,1,1,Scam suspicion,1.0
2422,2,1,1,Scam suspicion,1.0
2423,2,1,1,Prank,1.0
2424,2,1,1,Debt collector,1.0
2425,2,1,1,Telemarketer,1.0
2426,2,1,1,Scam suspicion,1.0
2427,2,1,1,Scam suspicion,1.0
2428,2,1,1,Scam suspicion,1.0
2429,2,1,1,Scam suspicion,1.0
2430,2,1,1,Scam suspicion,1.0
2431,2,1,1,Scam suspicion,1.0
2432,2,1,1,Scam suspicion,1.0
2433,2,1,1,Scam suspicion,1.0
2434,2,1,1,Scam suspicion,1.0
2435,2,1,1,Scam suspicion,1.0
2436,2,1,1,Scam suspicion,1.0
2437,2,1,1,Survey,1.0
2438,2,1,1,Scam suspicion,1.0
2439,2,1,1,Scam suspicion,1.0
2440,2,1,1,Scam suspicion,1.0
2441,2,1,1,Scam suspicion,1.0
2442,2,2,0,Scam suspicion,1.0
2443,2,1,1,Scam suspicion,1.0
2444,2,1,1,Text message,1.0
2445,2,1,1,Scam suspicion,1.0
2446,2,1,1,Scam suspicion,1.0
2447,2,1,1,Scam suspicion,1.0
2448,2,2,0,Scam suspicion,0.5
2449,2,1,1,Scam suspicion,1.0
